PrePost,Surveys,u,p
preNpostN:preNpostH,Pre_PSS_sum : Pre_PSS_sum,745.5,0.05736017400138388
preNpostN:preNpostH,Pre_CSSEC_Sum : Pre_CSSEC_Sum,735.5,0.07141712413615388
preNpostN:preNpostH,Pre_ISEL_Sum : Pre_ISEL_Sum,360.5,0.09747882067862998
preNpostN:preNpostH,Pre_SCS_SF_Mean : Pre_SCS_SF_Mean,581.5,0.7042246304252151
preNpostN:preNpostH,Pre_LS_Sum : Pre_LS_Sum,642.0,0.34760356395097136
preNpostN:preNpostH,Pre_NBS_Sum : Pre_NBS_Sum,566.0,0.8133037503134699
preNpostN:preNpostH,Pre_BRS_Sum : Pre_BRS_Sum,501.0,0.7208220297832753
preNpostN:preNpostL,Pre_PSS_sum : Pre_PSS_sum,384.5,0.782772367311642
preNpostN:preNpostL,Pre_CSSEC_Sum : Pre_CSSEC_Sum,206.5,0.07964278849895938
preNpostN:preNpostL,Pre_ISEL_Sum : Pre_ISEL_Sum,317.0,0.6258253315616258
preNpostN:preNpostL,Pre_SCS_SF_Mean : Pre_SCS_SF_Mean,512.0,0.08219435530928017
preNpostN:preNpostL,Pre_LS_Sum : Pre_LS_Sum,251.5,0.21553468805457532
preNpostN:preNpostL,Pre_NBS_Sum : Pre_NBS_Sum,249.5,0.2068069930679347
preNpostN:preNpostL,Pre_BRS_Sum : Pre_BRS_Sum,618.0,0.0030631807941504563
preNpostN:preHpostN,Pre_PSS_sum : Pre_PSS_sum,1365.0,0.00013047495294099982
preNpostN:preHpostN,Pre_CSSEC_Sum : Pre_CSSEC_Sum,1133.5,0.033063675117383666
preNpostN:preHpostN,Pre_ISEL_Sum : Pre_ISEL_Sum,585.5,0.06424295432392199
preNpostN:preHpostN,Pre_SCS_SF_Mean : Pre_SCS_SF_Mean,240.5,1.2854312924793922e-05
preNpostN:preHpostN,Pre_LS_Sum : Pre_LS_Sum,1167.5,0.017272181322650477
preNpostN:preHpostN,Pre_NBS_Sum : Pre_NBS_Sum,1122.0,0.04026719805194247
preNpostN:preHpostN,Pre_BRS_Sum : Pre_BRS_Sum,298.0,7.692958938452087e-05
preNpostN:preLpostN,Pre_PSS_sum : Pre_PSS_sum,17.0,0.00035914162015486024
preNpostN:preLpostN,Pre_CSSEC_Sum : Pre_CSSEC_Sum,179.0,0.12896593267802908
preNpostN:preLpostN,Pre_ISEL_Sum : Pre_ISEL_Sum,273.0,0.7381355179576403
preNpostN:preLpostN,Pre_SCS_SF_Mean : Pre_SCS_SF_Mean,532.5,0.003421726799462231
preNpostN:preLpostN,Pre_LS_Sum : Pre_LS_Sum,184.5,0.14697322758661888
preNpostN:preLpostN,Pre_NBS_Sum : Pre_NBS_Sum,44.0,0.0012626291195552222
preNpostN:preLpostN,Pre_BRS_Sum : Pre_BRS_Sum,584.0,0.0003374942565775234
preNpostN:preHpostH,Pre_PSS_sum : Pre_PSS_sum,673.0,0.00033183804036983876
preNpostN:preHpostH,Pre_CSSEC_Sum : Pre_CSSEC_Sum,596.5,0.006859126478674024
preNpostN:preHpostH,Pre_ISEL_Sum : Pre_ISEL_Sum,179.5,0.0389154201563073
preNpostN:preHpostH,Pre_SCS_SF_Mean : Pre_SCS_SF_Mean,101.0,0.003020232714785396
preNpostN:preHpostH,Pre_LS_Sum : Pre_LS_Sum,558.5,0.0231694735968052
preNpostN:preHpostH,Pre_NBS_Sum : Pre_NBS_Sum,636.0,0.00157153845955917
preNpostN:preHpostH,Pre_BRS_Sum : Pre_BRS_Sum,60.0,0.0005738282234641234
preNpostN:preLpostL,Pre_PSS_sum : Pre_PSS_sum,0.0,0.0
preNpostN:preLpostL,Pre_CSSEC_Sum : Pre_CSSEC_Sum,0.0,0.0
preNpostN:preLpostL,Pre_ISEL_Sum : Pre_ISEL_Sum,0.0,0.0
preNpostN:preLpostL,Pre_SCS_SF_Mean : Pre_SCS_SF_Mean,0.0,0.0
preNpostN:preLpostL,Pre_LS_Sum : Pre_LS_Sum,0.0,0.0
preNpostN:preLpostL,Pre_NBS_Sum : Pre_NBS_Sum,0.0,0.0
preNpostN:preLpostL,Pre_BRS_Sum : Pre_BRS_Sum,0.0,0.0
preNpostN:preLpostH,Pre_PSS_sum : Pre_PSS_sum,0.0,0.0
preNpostN:preLpostH,Pre_CSSEC_Sum : Pre_CSSEC_Sum,0.0,0.0
preNpostN:preLpostH,Pre_ISEL_Sum : Pre_ISEL_Sum,0.0,0.0
preNpostN:preLpostH,Pre_SCS_SF_Mean : Pre_SCS_SF_Mean,0.0,0.0
preNpostN:preLpostH,Pre_LS_Sum : Pre_LS_Sum,0.0,0.0
preNpostN:preLpostH,Pre_NBS_Sum : Pre_NBS_Sum,0.0,0.0
preNpostN:preLpostH,Pre_BRS_Sum : Pre_BRS_Sum,0.0,0.0
preNpostN:preHpostL,Pre_PSS_sum : Pre_PSS_sum,0.0,0.0
preNpostN:preHpostL,Pre_CSSEC_Sum : Pre_CSSEC_Sum,0.0,0.0
preNpostN:preHpostL,Pre_ISEL_Sum : Pre_ISEL_Sum,0.0,0.0
preNpostN:preHpostL,Pre_SCS_SF_Mean : Pre_SCS_SF_Mean,0.0,0.0
preNpostN:preHpostL,Pre_LS_Sum : Pre_LS_Sum,0.0,0.0
preNpostN:preHpostL,Pre_NBS_Sum : Pre_NBS_Sum,0.0,0.0
preNpostN:preHpostL,Pre_BRS_Sum : Pre_BRS_Sum,0.0,0.0
preNpostN:preNpostN,Pre_PSS_sum : Post_PSS_sum,1760.5,4.311745420921207e-24
preNpostN:preNpostN,Pre_CSSEC_Sum : Post_CSSEC_Sum,8934.5,0.001262131850148505
preNpostN:preNpostN,Pre_ISEL_Sum : Post_ISEL_sum,6571.0,0.2418435593988737
preNpostN:preNpostN,Pre_SCS_SF_Mean : Post_SF_CMU_Sum,0.0,6.83648716652244e-41
preNpostN:preNpostN,Pre_LS_Sum : Post_LS_Sum,7215.5,0.9777277138564074
preNpostN:preNpostN,Pre_NBS_Sum : Post_NBS_Sum,7808.5,0.25748399484176465
preNpostN:preNpostN,Pre_BRS_Sum : Post_BRS_sum,8066.0,0.10643883927511628
preNpostN:preNpostH,Pre_PSS_sum : Post_PSS_sum,84.0,2.4294856231495558e-05
preNpostN:preNpostH,Pre_CSSEC_Sum : Post_CSSEC_Sum,559.0,0.8641953438588772
preNpostN:preNpostH,Pre_ISEL_Sum : Post_ISEL_sum,683.0,0.18705320201440212
preNpostN:preNpostH,Pre_SCS_SF_Mean : Post_SF_CMU_Sum,0.0,5.918007612091871e-07
preNpostN:preNpostH,Pre_LS_Sum : Post_LS_Sum,466.5,0.4992709606501682
preNpostN:preNpostH,Pre_NBS_Sum : Post_NBS_Sum,609.5,0.5228851939245999
preNpostN:preNpostH,Pre_BRS_Sum : Post_BRS_sum,748.0,0.054146979306054825
preNpostN:preNpostL,Pre_PSS_sum : Post_PSS_sum,170.5,0.029914300541099375
preNpostN:preNpostL,Pre_CSSEC_Sum : Post_CSSEC_Sum,438.0,0.37462403287575774
preNpostN:preNpostL,Pre_ISEL_Sum : Post_ISEL_sum,231.5,0.1419788638680727
preNpostN:preNpostL,Pre_SCS_SF_Mean : Post_SF_CMU_Sum,0.0,3.726264940614619e-05
preNpostN:preNpostL,Pre_LS_Sum : Post_LS_Sum,513.0,0.08034639159545083
preNpostN:preNpostL,Pre_NBS_Sum : Post_NBS_Sum,422.5,0.47674779604883055
preNpostN:preNpostL,Pre_BRS_Sum : Post_BRS_sum,304.0,0.5232582968378432
preNpostN:preHpostN,Pre_PSS_sum : Post_PSS_sum,212.0,4.7682787834813285e-06
preNpostN:preHpostN,Pre_CSSEC_Sum : Post_CSSEC_Sum,1283.0,0.0012872725769724062
preNpostN:preHpostN,Pre_ISEL_Sum : Post_ISEL_sum,1007.0,0.2251635160454034
preNpostN:preHpostN,Pre_SCS_SF_Mean : Post_SF_CMU_Sum,0.0,9.76304746163517e-10
preNpostN:preHpostN,Pre_LS_Sum : Post_LS_Sum,902.5,0.6516490142586763
preNpostN:preHpostN,Pre_NBS_Sum : Post_NBS_Sum,1148.0,0.02507595783444335
preNpostN:preHpostN,Pre_BRS_Sum : Post_BRS_sum,660.5,0.19102625285864816
preNpostN:preLpostN,Pre_PSS_sum : Post_PSS_sum,115.0,0.019763411142443517
preNpostN:preLpostN,Pre_CSSEC_Sum : Post_CSSEC_Sum,368.0,0.39508214642959283
preNpostN:preLpostN,Pre_ISEL_Sum : Post_ISEL_sum,332.5,0.6864103921570048
preNpostN:preLpostN,Pre_SCS_SF_Mean : Post_SF_CMU_Sum,0.0,0.000157777683676123
preNpostN:preLpostN,Pre_LS_Sum : Post_LS_Sum,171.5,0.10646058912453862
preNpostN:preLpostN,Pre_NBS_Sum : Post_NBS_Sum,341.0,0.609259067212597
preNpostN:preLpostN,Pre_BRS_Sum : Post_BRS_sum,435.5,0.0877591945921132
preNpostN:preHpostH,Pre_PSS_sum : Post_PSS_sum,132.0,0.00897530778008739
preNpostN:preHpostH,Pre_CSSEC_Sum : Post_CSSEC_Sum,528.0,0.05499956067253008
preNpostN:preHpostH,Pre_ISEL_Sum : Post_ISEL_sum,512.5,0.08122173340732676
preNpostN:preHpostH,Pre_SCS_SF_Mean : Post_SF_CMU_Sum,0.0,3.726365319659587e-05
preNpostN:preHpostH,Pre_LS_Sum : Post_LS_Sum,285.0,0.39293664287425256
preNpostN:preHpostH,Pre_NBS_Sum : Post_NBS_Sum,442.5,0.3467029960541008
preNpostN:preHpostH,Pre_BRS_Sum : Post_BRS_sum,491.5,0.13195997858894956
preNpostN:preLpostL,Pre_PSS_sum : Post_PSS_sum,0.0,0.0
preNpostN:preLpostL,Pre_CSSEC_Sum : Post_CSSEC_Sum,0.0,0.0
preNpostN:preLpostL,Pre_ISEL_Sum : Post_ISEL_sum,0.0,0.0
preNpostN:preLpostL,Pre_SCS_SF_Mean : Post_SF_CMU_Sum,0.0,0.0
preNpostN:preLpostL,Pre_LS_Sum : Post_LS_Sum,0.0,0.0
preNpostN:preLpostL,Pre_NBS_Sum : Post_NBS_Sum,0.0,0.0
preNpostN:preLpostL,Pre_BRS_Sum : Post_BRS_sum,0.0,0.0
preNpostN:preLpostH,Pre_PSS_sum : Post_PSS_sum,0.0,0.0
preNpostN:preLpostH,Pre_CSSEC_Sum : Post_CSSEC_Sum,0.0,0.0
preNpostN:preLpostH,Pre_ISEL_Sum : Post_ISEL_sum,0.0,0.0
preNpostN:preLpostH,Pre_SCS_SF_Mean : Post_SF_CMU_Sum,0.0,0.0
preNpostN:preLpostH,Pre_LS_Sum : Post_LS_Sum,0.0,0.0
preNpostN:preLpostH,Pre_NBS_Sum : Post_NBS_Sum,0.0,0.0
preNpostN:preLpostH,Pre_BRS_Sum : Post_BRS_sum,0.0,0.0
preNpostN:preHpostL,Pre_PSS_sum : Post_PSS_sum,0.0,0.0
preNpostN:preHpostL,Pre_CSSEC_Sum : Post_CSSEC_Sum,0.0,0.0
preNpostN:preHpostL,Pre_ISEL_Sum : Post_ISEL_sum,0.0,0.0
preNpostN:preHpostL,Pre_SCS_SF_Mean : Post_SF_CMU_Sum,0.0,0.0
preNpostN:preHpostL,Pre_LS_Sum : Post_LS_Sum,0.0,0.0
preNpostN:preHpostL,Pre_NBS_Sum : Post_NBS_Sum,0.0,0.0
preNpostN:preHpostL,Pre_BRS_Sum : Post_BRS_sum,0.0,0.0
preNpostH:preNpostL,Pre_PSS_sum : Pre_PSS_sum,18.0,0.315606066043826
preNpostH:preNpostL,Pre_CSSEC_Sum : Pre_CSSEC_Sum,4.0,0.008009942329880022
preNpostH:preNpostL,Pre_ISEL_Sum : Pre_ISEL_Sum,37.5,0.23606649928280454
preNpostH:preNpostL,Pre_SCS_SF_Mean : Pre_SCS_SF_Mean,36.5,0.28754951257144423
preNpostH:preNpostL,Pre_LS_Sum : Pre_LS_Sum,15.0,0.1733938826886583
preNpostH:preNpostL,Pre_NBS_Sum : Pre_NBS_Sum,18.0,0.3147372467315992
preNpostH:preNpostL,Pre_BRS_Sum : Pre_BRS_Sum,47.0,0.020400745441371118
preNpostH:preHpostN,Pre_PSS_sum : Pre_PSS_sum,74.0,0.5049449864528703
preNpostH:preHpostN,Pre_CSSEC_Sum : Pre_CSSEC_Sum,64.0,0.9748731531777381
preNpostH:preHpostN,Pre_ISEL_Sum : Pre_ISEL_Sum,67.5,0.8002363532912536
preNpostH:preHpostN,Pre_SCS_SF_Mean : Pre_SCS_SF_Mean,14.5,0.002429665313609324
preNpostH:preHpostN,Pre_LS_Sum : Pre_LS_Sum,75.0,0.46814040045653227
preNpostH:preHpostN,Pre_NBS_Sum : Pre_NBS_Sum,81.5,0.25507096298400767
preNpostH:preHpostN,Pre_BRS_Sum : Pre_BRS_Sum,26.0,0.019433052152857733
preNpostH:preLpostN,Pre_PSS_sum : Pre_PSS_sum,0.0,0.0032842251856500942
preNpostH:preLpostN,Pre_CSSEC_Sum : Pre_CSSEC_Sum,5.5,0.027635543278093446
preNpostH:preLpostN,Pre_ISEL_Sum : Pre_ISEL_Sum,27.0,0.5921705854473711
preNpostH:preLpostN,Pre_SCS_SF_Mean : Pre_SCS_SF_Mean,36.0,0.08269808457227694
preNpostH:preLpostN,Pre_LS_Sum : Pre_LS_Sum,13.5,0.25602670695617913
preNpostH:preLpostN,Pre_NBS_Sum : Pre_NBS_Sum,2.0,0.007396021087052857
preNpostH:preLpostN,Pre_BRS_Sum : Pre_BRS_Sum,45.0,0.0031149426863393576
preNpostH:preHpostH,Pre_PSS_sum : Pre_PSS_sum,41.5,0.09775419745628428
preNpostH:preHpostH,Pre_CSSEC_Sum : Pre_CSSEC_Sum,38.5,0.1944518292117592
preNpostH:preHpostH,Pre_ISEL_Sum : Pre_ISEL_Sum,23.0,0.67890337645961
preNpostH:preHpostH,Pre_SCS_SF_Mean : Pre_SCS_SF_Mean,7.0,0.021207071201486755
preNpostH:preHpostH,Pre_LS_Sum : Pre_LS_Sum,34.0,0.4420221899269482
preNpostH:preHpostH,Pre_NBS_Sum : Pre_NBS_Sum,46.0,0.02895125225864748
preNpostH:preHpostH,Pre_BRS_Sum : Pre_BRS_Sum,6.5,0.016883336804244434
preNpostH:preLpostL,Pre_PSS_sum : Pre_PSS_sum,0.0,0.0
preNpostH:preLpostL,Pre_CSSEC_Sum : Pre_CSSEC_Sum,0.0,0.0
preNpostH:preLpostL,Pre_ISEL_Sum : Pre_ISEL_Sum,0.0,0.0
preNpostH:preLpostL,Pre_SCS_SF_Mean : Pre_SCS_SF_Mean,0.0,0.0
preNpostH:preLpostL,Pre_LS_Sum : Pre_LS_Sum,0.0,0.0
preNpostH:preLpostL,Pre_NBS_Sum : Pre_NBS_Sum,0.0,0.0
preNpostH:preLpostL,Pre_BRS_Sum : Pre_BRS_Sum,0.0,0.0
preNpostH:preLpostH,Pre_PSS_sum : Pre_PSS_sum,0.0,0.0
preNpostH:preLpostH,Pre_CSSEC_Sum : Pre_CSSEC_Sum,0.0,0.0
preNpostH:preLpostH,Pre_ISEL_Sum : Pre_ISEL_Sum,0.0,0.0
preNpostH:preLpostH,Pre_SCS_SF_Mean : Pre_SCS_SF_Mean,0.0,0.0
preNpostH:preLpostH,Pre_LS_Sum : Pre_LS_Sum,0.0,0.0
preNpostH:preLpostH,Pre_NBS_Sum : Pre_NBS_Sum,0.0,0.0
preNpostH:preLpostH,Pre_BRS_Sum : Pre_BRS_Sum,0.0,0.0
preNpostH:preHpostL,Pre_PSS_sum : Pre_PSS_sum,0.0,0.0
preNpostH:preHpostL,Pre_CSSEC_Sum : Pre_CSSEC_Sum,0.0,0.0
preNpostH:preHpostL,Pre_ISEL_Sum : Pre_ISEL_Sum,0.0,0.0
preNpostH:preHpostL,Pre_SCS_SF_Mean : Pre_SCS_SF_Mean,0.0,0.0
preNpostH:preHpostL,Pre_LS_Sum : Pre_LS_Sum,0.0,0.0
preNpostH:preHpostL,Pre_NBS_Sum : Pre_NBS_Sum,0.0,0.0
preNpostH:preHpostL,Pre_BRS_Sum : Pre_BRS_Sum,0.0,0.0
preNpostH:preNpostN,Pre_PSS_sum : Post_PSS_sum,60.0,9.032520588969417e-06
preNpostH:preNpostN,Pre_CSSEC_Sum : Post_CSSEC_Sum,496.0,0.68755601766154
preNpostH:preNpostN,Pre_ISEL_Sum : Post_ISEL_sum,666.0,0.24517727526979194
preNpostH:preNpostN,Pre_SCS_SF_Mean : Post_SF_CMU_Sum,0.0,6.058620683770896e-07
preNpostH:preNpostN,Pre_LS_Sum : Post_LS_Sum,442.5,0.36933921364110145
preNpostH:preNpostN,Pre_NBS_Sum : Post_NBS_Sum,562.5,0.8385387860669745
preNpostH:preNpostN,Pre_BRS_Sum : Post_BRS_sum,645.5,0.3303724568538873
preNpostH:preNpostH,Pre_PSS_sum : Post_PSS_sum,2.0,0.0007823917380100835
preNpostH:preNpostH,Pre_CSSEC_Sum : Post_CSSEC_Sum,27.0,0.25099827044292256
preNpostH:preNpostH,Pre_ISEL_Sum : Post_ISEL_sum,61.5,0.0691079741563671
preNpostH:preNpostH,Pre_SCS_SF_Mean : Post_SF_CMU_Sum,0.0,0.0004094601088531576
preNpostH:preNpostH,Pre_LS_Sum : Post_LS_Sum,30.0,0.3759902110775778
preNpostH:preNpostH,Pre_NBS_Sum : Post_NBS_Sum,46.0,0.6576831329466553
preNpostH:preNpostH,Pre_BRS_Sum : Post_BRS_sum,59.0,0.10862363653745821
preNpostH:preNpostL,Pre_PSS_sum : Post_PSS_sum,6.5,0.018213797333020712
preNpostH:preNpostL,Pre_CSSEC_Sum : Post_CSSEC_Sum,23.0,0.6799884022342944
preNpostH:preNpostL,Pre_ISEL_Sum : Post_ISEL_sum,26.5,1.0
preNpostH:preNpostL,Pre_SCS_SF_Mean : Post_SF_CMU_Sum,0.0,0.0017561325340873296
preNpostH:preNpostL,Pre_LS_Sum : Post_LS_Sum,32.5,0.5539148722209741
preNpostH:preNpostL,Pre_NBS_Sum : Post_NBS_Sum,30.0,0.7664479605510713
preNpostH:preNpostL,Pre_BRS_Sum : Post_BRS_sum,26.0,0.9517921765520325
preNpostH:preHpostN,Pre_PSS_sum : Post_PSS_sum,6.0,0.00035609518400691264
preNpostH:preHpostN,Pre_CSSEC_Sum : Post_CSSEC_Sum,78.0,0.3610247699750073
preNpostH:preHpostN,Pre_ISEL_Sum : Post_ISEL_sum,92.5,0.06677590600327953
preNpostH:preHpostN,Pre_SCS_SF_Mean : Post_SF_CMU_Sum,0.0,8.179581684414233e-05
preNpostH:preHpostN,Pre_LS_Sum : Post_LS_Sum,53.0,0.5485544750241825
preNpostH:preHpostN,Pre_NBS_Sum : Post_NBS_Sum,85.5,0.1620045227614466
preNpostH:preHpostN,Pre_BRS_Sum : Post_BRS_sum,56.0,0.6799508388474245
preNpostH:preLpostN,Pre_PSS_sum : Post_PSS_sum,3.5,0.01343197391083301
preNpostH:preLpostN,Pre_CSSEC_Sum : Post_CSSEC_Sum,24.0,0.893929766752772
preNpostH:preLpostN,Pre_ISEL_Sum : Post_ISEL_sum,30.0,0.3495866259069511
preNpostH:preLpostN,Pre_SCS_SF_Mean : Post_SF_CMU_Sum,0.0,0.00331872366133435
preNpostH:preLpostN,Pre_LS_Sum : Post_LS_Sum,14.0,0.28452900838625217
preNpostH:preLpostN,Pre_NBS_Sum : Post_NBS_Sum,25.5,0.7380492960858203
preNpostH:preLpostN,Pre_BRS_Sum : Post_BRS_sum,34.0,0.1385024216864989
preNpostH:preHpostH,Pre_PSS_sum : Post_PSS_sum,5.5,0.012918912064928482
preNpostH:preHpostH,Pre_CSSEC_Sum : Post_CSSEC_Sum,32.0,0.5958830905651777
preNpostH:preHpostH,Pre_ISEL_Sum : Post_ISEL_sum,40.5,0.12347780792817821
preNpostH:preHpostH,Pre_SCS_SF_Mean : Post_SF_CMU_Sum,0.0,0.001772936866096827
preNpostH:preHpostH,Pre_LS_Sum : Post_LS_Sum,18.5,0.34491565641202504
preNpostH:preHpostH,Pre_NBS_Sum : Post_NBS_Sum,31.5,0.6364469864577411
preNpostH:preHpostH,Pre_BRS_Sum : Post_BRS_sum,39.0,0.1702819806512288
preNpostH:preLpostL,Pre_PSS_sum : Post_PSS_sum,0.0,0.0
preNpostH:preLpostL,Pre_CSSEC_Sum : Post_CSSEC_Sum,0.0,0.0
preNpostH:preLpostL,Pre_ISEL_Sum : Post_ISEL_sum,0.0,0.0
preNpostH:preLpostL,Pre_SCS_SF_Mean : Post_SF_CMU_Sum,0.0,0.0
preNpostH:preLpostL,Pre_LS_Sum : Post_LS_Sum,0.0,0.0
preNpostH:preLpostL,Pre_NBS_Sum : Post_NBS_Sum,0.0,0.0
preNpostH:preLpostL,Pre_BRS_Sum : Post_BRS_sum,0.0,0.0
preNpostH:preLpostH,Pre_PSS_sum : Post_PSS_sum,0.0,0.0
preNpostH:preLpostH,Pre_CSSEC_Sum : Post_CSSEC_Sum,0.0,0.0
preNpostH:preLpostH,Pre_ISEL_Sum : Post_ISEL_sum,0.0,0.0
preNpostH:preLpostH,Pre_SCS_SF_Mean : Post_SF_CMU_Sum,0.0,0.0
preNpostH:preLpostH,Pre_LS_Sum : Post_LS_Sum,0.0,0.0
preNpostH:preLpostH,Pre_NBS_Sum : Post_NBS_Sum,0.0,0.0
preNpostH:preLpostH,Pre_BRS_Sum : Post_BRS_sum,0.0,0.0
preNpostH:preHpostL,Pre_PSS_sum : Post_PSS_sum,0.0,0.0
preNpostH:preHpostL,Pre_CSSEC_Sum : Post_CSSEC_Sum,0.0,0.0
preNpostH:preHpostL,Pre_ISEL_Sum : Post_ISEL_sum,0.0,0.0
preNpostH:preHpostL,Pre_SCS_SF_Mean : Post_SF_CMU_Sum,0.0,0.0
preNpostH:preHpostL,Pre_LS_Sum : Post_LS_Sum,0.0,0.0
preNpostH:preHpostL,Pre_NBS_Sum : Post_NBS_Sum,0.0,0.0
preNpostH:preHpostL,Pre_BRS_Sum : Post_BRS_sum,0.0,0.0
preNpostL:preHpostN,Pre_PSS_sum : Pre_PSS_sum,61.5,0.11350369028125959
preNpostL:preHpostN,Pre_CSSEC_Sum : Pre_CSSEC_Sum,70.5,0.02087322387656567
preNpostL:preHpostN,Pre_ISEL_Sum : Pre_ISEL_Sum,32.5,0.4560321466821684
preNpostL:preHpostN,Pre_SCS_SF_Mean : Pre_SCS_SF_Mean,6.0,0.0033276764052548873
preNpostL:preHpostN,Pre_LS_Sum : Pre_LS_Sum,67.5,0.03906350133816086
preNpostL:preHpostN,Pre_NBS_Sum : Pre_NBS_Sum,70.0,0.023008390473477344
preNpostL:preHpostN,Pre_BRS_Sum : Pre_BRS_Sum,1.5,0.0008866198884795236
preNpostL:preLpostN,Pre_PSS_sum : Pre_PSS_sum,0.0,0.007827028296291774
preNpostL:preLpostN,Pre_CSSEC_Sum : Pre_CSSEC_Sum,14.0,0.9272644735252321
preNpostL:preLpostN,Pre_ISEL_Sum : Pre_ISEL_Sum,16.0,0.9267648238448151
preNpostL:preLpostN,Pre_SCS_SF_Mean : Pre_SCS_SF_Mean,21.0,0.31086287025889725
preNpostL:preLpostN,Pre_LS_Sum : Pre_LS_Sum,10.0,0.41024789769198466
preNpostL:preLpostN,Pre_NBS_Sum : Pre_NBS_Sum,5.0,0.08143973230450288
preNpostL:preLpostN,Pre_BRS_Sum : Pre_BRS_Sum,23.0,0.16304505585423734
preNpostL:preHpostH,Pre_PSS_sum : Pre_PSS_sum,32.5,0.024469650576986687
preNpostL:preHpostH,Pre_CSSEC_Sum : Pre_CSSEC_Sum,34.0,0.013065226764425961
preNpostL:preHpostH,Pre_ISEL_Sum : Pre_ISEL_Sum,9.0,0.17197868192455812
preNpostL:preHpostH,Pre_SCS_SF_Mean : Pre_SCS_SF_Mean,2.0,0.012906570419653424
preNpostL:preHpostH,Pre_LS_Sum : Pre_LS_Sum,30.0,0.06461008912954472
preNpostL:preHpostH,Pre_NBS_Sum : Pre_NBS_Sum,36.0,0.005074868097940253
preNpostL:preHpostH,Pre_BRS_Sum : Pre_BRS_Sum,0.0,0.00492203567532315
preNpostL:preLpostL,Pre_PSS_sum : Pre_PSS_sum,0.0,0.0
preNpostL:preLpostL,Pre_CSSEC_Sum : Pre_CSSEC_Sum,0.0,0.0
preNpostL:preLpostL,Pre_ISEL_Sum : Pre_ISEL_Sum,0.0,0.0
preNpostL:preLpostL,Pre_SCS_SF_Mean : Pre_SCS_SF_Mean,0.0,0.0
preNpostL:preLpostL,Pre_LS_Sum : Pre_LS_Sum,0.0,0.0
preNpostL:preLpostL,Pre_NBS_Sum : Pre_NBS_Sum,0.0,0.0
preNpostL:preLpostL,Pre_BRS_Sum : Pre_BRS_Sum,0.0,0.0
preNpostL:preLpostH,Pre_PSS_sum : Pre_PSS_sum,0.0,0.0
preNpostL:preLpostH,Pre_CSSEC_Sum : Pre_CSSEC_Sum,0.0,0.0
preNpostL:preLpostH,Pre_ISEL_Sum : Pre_ISEL_Sum,0.0,0.0
preNpostL:preLpostH,Pre_SCS_SF_Mean : Pre_SCS_SF_Mean,0.0,0.0
preNpostL:preLpostH,Pre_LS_Sum : Pre_LS_Sum,0.0,0.0
preNpostL:preLpostH,Pre_NBS_Sum : Pre_NBS_Sum,0.0,0.0
preNpostL:preLpostH,Pre_BRS_Sum : Pre_BRS_Sum,0.0,0.0
preNpostL:preHpostL,Pre_PSS_sum : Pre_PSS_sum,0.0,0.0
preNpostL:preHpostL,Pre_CSSEC_Sum : Pre_CSSEC_Sum,0.0,0.0
preNpostL:preHpostL,Pre_ISEL_Sum : Pre_ISEL_Sum,0.0,0.0
preNpostL:preHpostL,Pre_SCS_SF_Mean : Pre_SCS_SF_Mean,0.0,0.0
preNpostL:preHpostL,Pre_LS_Sum : Pre_LS_Sum,0.0,0.0
preNpostL:preHpostL,Pre_NBS_Sum : Pre_NBS_Sum,0.0,0.0
preNpostL:preHpostL,Pre_BRS_Sum : Pre_BRS_Sum,0.0,0.0
preNpostL:preNpostN,Pre_PSS_sum : Post_PSS_sum,78.0,0.0012383947707554962
preNpostL:preNpostN,Pre_CSSEC_Sum : Post_CSSEC_Sum,581.0,0.011534141012359968
preNpostL:preNpostN,Pre_ISEL_Sum : Post_ISEL_sum,370.0,0.9131957147545184
preNpostL:preNpostN,Pre_SCS_SF_Mean : Post_SF_CMU_Sum,0.0,3.7919586532403023e-05
preNpostL:preNpostN,Pre_LS_Sum : Post_LS_Sum,461.0,0.24905787150877656
preNpostL:preNpostN,Pre_NBS_Sum : Post_NBS_Sum,499.5,0.1106256613648137
preNpostL:preNpostN,Pre_BRS_Sum : Post_BRS_sum,147.0,0.014651484330231997
preNpostL:preNpostH,Pre_PSS_sum : Post_PSS_sum,3.0,0.005445171578690799
preNpostL:preNpostH,Pre_CSSEC_Sum : Post_CSSEC_Sum,38.0,0.2159249389401403
preNpostL:preNpostH,Pre_ISEL_Sum : Post_ISEL_sum,39.0,0.173781070118891
preNpostL:preNpostH,Pre_SCS_SF_Mean : Post_SF_CMU_Sum,0.0,0.001772936866096827
preNpostL:preNpostH,Pre_LS_Sum : Post_LS_Sum,33.5,0.47792382761428454
preNpostL:preNpostH,Pre_NBS_Sum : Post_NBS_Sum,37.0,0.2620366487696487
preNpostL:preNpostH,Pre_BRS_Sum : Post_BRS_sum,15.5,0.19365278045047596
preNpostL:preNpostL,Pre_PSS_sum : Post_PSS_sum,8.0,0.1255302702634152
preNpostL:preNpostL,Pre_CSSEC_Sum : Post_CSSEC_Sum,29.0,0.09269580255781257
preNpostL:preNpostL,Pre_ISEL_Sum : Post_ISEL_sum,14.5,0.626702406128227
preNpostL:preNpostL,Pre_SCS_SF_Mean : Post_SF_CMU_Sum,0.0,0.00492203567532315
preNpostL:preNpostL,Pre_LS_Sum : Post_LS_Sum,29.5,0.07712763781563145
preNpostL:preNpostL,Pre_NBS_Sum : Post_NBS_Sum,25.5,0.2606581238113129
preNpostL:preNpostL,Pre_BRS_Sum : Post_BRS_sum,3.5,0.024218501791925386
preNpostL:preHpostN,Pre_PSS_sum : Post_PSS_sum,9.0,0.0069358390496036555
preNpostL:preHpostN,Pre_CSSEC_Sum : Post_CSSEC_Sum,78.5,0.00297463695560701
preNpostL:preHpostN,Pre_ISEL_Sum : Post_ISEL_sum,58.5,0.18512171170669744
preNpostL:preHpostN,Pre_SCS_SF_Mean : Post_SF_CMU_Sum,0.0,0.0006138072083369066
preNpostL:preHpostN,Pre_LS_Sum : Post_LS_Sum,59.5,0.15945566393673338
preNpostL:preHpostN,Pre_NBS_Sum : Post_NBS_Sum,69.0,0.028119825763710884
preNpostL:preHpostN,Pre_BRS_Sum : Post_BRS_sum,6.5,0.0037071068433392387
preNpostL:preLpostN,Pre_PSS_sum : Post_PSS_sum,4.5,0.06663949279045295
preNpostL:preLpostN,Pre_CSSEC_Sum : Post_CSSEC_Sum,22.0,0.23533326650958586
preNpostL:preLpostN,Pre_ISEL_Sum : Post_ISEL_sum,19.5,0.46214003380576796
preNpostL:preLpostN,Pre_SCS_SF_Mean : Post_SF_CMU_Sum,0.0,0.007969413024121784
preNpostL:preLpostN,Pre_LS_Sum : Post_LS_Sum,17.0,0.7822520698874638
preNpostL:preLpostN,Pre_NBS_Sum : Post_NBS_Sum,21.5,0.2700309326870839
preNpostL:preLpostN,Pre_BRS_Sum : Post_BRS_sum,11.5,0.57954132848667
preNpostL:preHpostH,Pre_PSS_sum : Post_PSS_sum,6.0,0.06508095865779152
preNpostL:preHpostH,Pre_CSSEC_Sum : Post_CSSEC_Sum,32.0,0.030638987937703265
preNpostL:preHpostH,Pre_ISEL_Sum : Post_ISEL_sum,30.0,0.06319958766571356
preNpostL:preHpostH,Pre_SCS_SF_Mean : Post_SF_CMU_Sum,0.0,0.004998124765082452
preNpostL:preHpostH,Pre_LS_Sum : Post_LS_Sum,18.5,1.0
preNpostL:preHpostH,Pre_NBS_Sum : Post_NBS_Sum,27.0,0.17197868192455812
preNpostL:preHpostH,Pre_BRS_Sum : Post_BRS_sum,13.0,0.46804160590041655
preNpostL:preLpostL,Pre_PSS_sum : Post_PSS_sum,0.0,0.0
preNpostL:preLpostL,Pre_CSSEC_Sum : Post_CSSEC_Sum,0.0,0.0
preNpostL:preLpostL,Pre_ISEL_Sum : Post_ISEL_sum,0.0,0.0
preNpostL:preLpostL,Pre_SCS_SF_Mean : Post_SF_CMU_Sum,0.0,0.0
preNpostL:preLpostL,Pre_LS_Sum : Post_LS_Sum,0.0,0.0
preNpostL:preLpostL,Pre_NBS_Sum : Post_NBS_Sum,0.0,0.0
preNpostL:preLpostL,Pre_BRS_Sum : Post_BRS_sum,0.0,0.0
preNpostL:preLpostH,Pre_PSS_sum : Post_PSS_sum,0.0,0.0
preNpostL:preLpostH,Pre_CSSEC_Sum : Post_CSSEC_Sum,0.0,0.0
preNpostL:preLpostH,Pre_ISEL_Sum : Post_ISEL_sum,0.0,0.0
preNpostL:preLpostH,Pre_SCS_SF_Mean : Post_SF_CMU_Sum,0.0,0.0
preNpostL:preLpostH,Pre_LS_Sum : Post_LS_Sum,0.0,0.0
preNpostL:preLpostH,Pre_NBS_Sum : Post_NBS_Sum,0.0,0.0
preNpostL:preLpostH,Pre_BRS_Sum : Post_BRS_sum,0.0,0.0
preNpostL:preHpostL,Pre_PSS_sum : Post_PSS_sum,0.0,0.0
preNpostL:preHpostL,Pre_CSSEC_Sum : Post_CSSEC_Sum,0.0,0.0
preNpostL:preHpostL,Pre_ISEL_Sum : Post_ISEL_sum,0.0,0.0
preNpostL:preHpostL,Pre_SCS_SF_Mean : Post_SF_CMU_Sum,0.0,0.0
preNpostL:preHpostL,Pre_LS_Sum : Post_LS_Sum,0.0,0.0
preNpostL:preHpostL,Pre_NBS_Sum : Post_NBS_Sum,0.0,0.0
preNpostL:preHpostL,Pre_BRS_Sum : Post_BRS_sum,0.0,0.0
preHpostN:preLpostN,Pre_PSS_sum : Pre_PSS_sum,0.0,0.0012901377647840527
preHpostN:preLpostN,Pre_CSSEC_Sum : Pre_CSSEC_Sum,12.0,0.03724254459597932
preHpostN:preLpostN,Pre_ISEL_Sum : Pre_ISEL_Sum,39.5,0.7099203602584223
preHpostN:preLpostN,Pre_SCS_SF_Mean : Pre_SCS_SF_Mean,68.0,0.0025540359942365057
preHpostN:preLpostN,Pre_LS_Sum : Pre_LS_Sum,15.5,0.0784365985099544
preHpostN:preLpostN,Pre_NBS_Sum : Pre_NBS_Sum,2.0,0.0025765104969639268
preHpostN:preLpostN,Pre_BRS_Sum : Pre_BRS_Sum,70.0,0.0012772895925720373
preHpostN:preHpostH,Pre_PSS_sum : Pre_PSS_sum,69.5,0.024621430305789747
preHpostN:preHpostH,Pre_CSSEC_Sum : Pre_CSSEC_Sum,53.0,0.3864762307712327
preHpostN:preHpostH,Pre_ISEL_Sum : Pre_ISEL_Sum,34.5,0.560291833255302
preHpostN:preHpostH,Pre_SCS_SF_Mean : Pre_SCS_SF_Mean,46.5,0.7405223049831327
preHpostN:preHpostH,Pre_LS_Sum : Pre_LS_Sum,45.5,0.8040651144598953
preHpostN:preHpostH,Pre_NBS_Sum : Pre_NBS_Sum,68.0,0.03482761920135977
preHpostN:preHpostH,Pre_BRS_Sum : Pre_BRS_Sum,26.0,0.19494802320113747
preHpostN:preLpostL,Pre_PSS_sum : Pre_PSS_sum,0.0,0.0
preHpostN:preLpostL,Pre_CSSEC_Sum : Pre_CSSEC_Sum,0.0,0.0
preHpostN:preLpostL,Pre_ISEL_Sum : Pre_ISEL_Sum,0.0,0.0
preHpostN:preLpostL,Pre_SCS_SF_Mean : Pre_SCS_SF_Mean,0.0,0.0
preHpostN:preLpostL,Pre_LS_Sum : Pre_LS_Sum,0.0,0.0
preHpostN:preLpostL,Pre_NBS_Sum : Pre_NBS_Sum,0.0,0.0
preHpostN:preLpostL,Pre_BRS_Sum : Pre_BRS_Sum,0.0,0.0
preHpostN:preLpostH,Pre_PSS_sum : Pre_PSS_sum,0.0,0.0
preHpostN:preLpostH,Pre_CSSEC_Sum : Pre_CSSEC_Sum,0.0,0.0
preHpostN:preLpostH,Pre_ISEL_Sum : Pre_ISEL_Sum,0.0,0.0
preHpostN:preLpostH,Pre_SCS_SF_Mean : Pre_SCS_SF_Mean,0.0,0.0
preHpostN:preLpostH,Pre_LS_Sum : Pre_LS_Sum,0.0,0.0
preHpostN:preLpostH,Pre_NBS_Sum : Pre_NBS_Sum,0.0,0.0
preHpostN:preLpostH,Pre_BRS_Sum : Pre_BRS_Sum,0.0,0.0
preHpostN:preHpostL,Pre_PSS_sum : Pre_PSS_sum,0.0,0.0
preHpostN:preHpostL,Pre_CSSEC_Sum : Pre_CSSEC_Sum,0.0,0.0
preHpostN:preHpostL,Pre_ISEL_Sum : Pre_ISEL_Sum,0.0,0.0
preHpostN:preHpostL,Pre_SCS_SF_Mean : Pre_SCS_SF_Mean,0.0,0.0
preHpostN:preHpostL,Pre_LS_Sum : Pre_LS_Sum,0.0,0.0
preHpostN:preHpostL,Pre_NBS_Sum : Pre_NBS_Sum,0.0,0.0
preHpostN:preHpostL,Pre_BRS_Sum : Pre_BRS_Sum,0.0,0.0
preHpostN:preNpostN,Pre_PSS_sum : Post_PSS_sum,39.0,5.540194129609511e-09
preHpostN:preNpostN,Pre_CSSEC_Sum : Post_CSSEC_Sum,761.5,0.5704512586513579
preHpostN:preNpostN,Pre_ISEL_Sum : Post_ISEL_sum,1011.5,0.2127156342458072
preHpostN:preNpostN,Pre_SCS_SF_Mean : Post_SF_CMU_Sum,0.0,1.0068845569933933e-09
preHpostN:preNpostN,Pre_LS_Sum : Post_LS_Sum,530.5,0.024452378553116126
preHpostN:preNpostN,Pre_NBS_Sum : Post_NBS_Sum,642.0,0.15011116676986266
preHpostN:preNpostN,Pre_BRS_Sum : Post_BRS_sum,1406.5,3.678102716153232e-05
preHpostN:preNpostH,Pre_PSS_sum : Post_PSS_sum,0.0,7.692961758367834e-05
preHpostN:preNpostH,Pre_CSSEC_Sum : Post_CSSEC_Sum,42.5,0.20759977353519699
preHpostN:preNpostH,Pre_ISEL_Sum : Post_ISEL_sum,100.0,0.02094351368464179
preHpostN:preNpostH,Pre_SCS_SF_Mean : Post_SF_CMU_Sum,0.0,8.047583853786508e-05
preHpostN:preNpostH,Pre_LS_Sum : Post_LS_Sum,30.5,0.04324761241296994
preHpostN:preNpostH,Pre_NBS_Sum : Post_NBS_Sum,60.5,0.899344771466628
preHpostN:preNpostH,Pre_BRS_Sum : Post_BRS_sum,119.0,0.0004406639666113146
preHpostN:preNpostL,Pre_PSS_sum : Post_PSS_sum,5.0,0.0024277363654864933
preHpostN:preNpostL,Pre_CSSEC_Sum : Post_CSSEC_Sum,32.0,0.43330608608997356
preHpostN:preNpostL,Pre_ISEL_Sum : Post_ISEL_sum,38.5,0.8037013909040056
preHpostN:preNpostL,Pre_SCS_SF_Mean : Post_SF_CMU_Sum,0.0,0.0005993562438056378
preHpostN:preNpostL,Pre_LS_Sum : Post_LS_Sum,42.5,1.0
preHpostN:preNpostL,Pre_NBS_Sum : Post_NBS_Sum,37.0,0.7100020209724658
preHpostN:preNpostL,Pre_BRS_Sum : Post_BRS_sum,63.5,0.07920786083577688
preHpostN:preHpostN,Pre_PSS_sum : Post_PSS_sum,0.0,6.886637078335225e-06
preHpostN:preHpostN,Pre_CSSEC_Sum : Post_CSSEC_Sum,115.0,0.44836913851604354
preHpostN:preHpostN,Pre_ISEL_Sum : Post_ISEL_sum,146.5,0.02708204506841319
preHpostN:preHpostN,Pre_SCS_SF_Mean : Post_SF_CMU_Sum,0.0,7.3189341368568175e-06
preHpostN:preHpostN,Pre_LS_Sum : Post_LS_Sum,65.0,0.1347703341687816
preHpostN:preHpostN,Pre_NBS_Sum : Post_NBS_Sum,104.5,0.7816796217585038
preHpostN:preHpostN,Pre_BRS_Sum : Post_BRS_sum,143.5,0.03663742182963024
preHpostN:preLpostN,Pre_PSS_sum : Post_PSS_sum,0.5,0.001516410796926868
preHpostN:preLpostN,Pre_CSSEC_Sum : Post_CSSEC_Sum,35.0,0.9630783086045568
preHpostN:preLpostN,Pre_ISEL_Sum : Post_ISEL_sum,47.5,0.26425812663659287
preHpostN:preLpostN,Pre_SCS_SF_Mean : Post_SF_CMU_Sum,0.0,0.0013623171904465301
preHpostN:preLpostN,Pre_LS_Sum : Post_LS_Sum,11.0,0.029436705995634364
preHpostN:preLpostN,Pre_NBS_Sum : Post_NBS_Sum,30.0,0.6760172644852867
preHpostN:preLpostN,Pre_BRS_Sum : Post_BRS_sum,60.0,0.0221129608569081
preHpostN:preHpostH,Pre_PSS_sum : Post_PSS_sum,7.0,0.004156187202034121
preHpostN:preHpostH,Pre_CSSEC_Sum : Post_CSSEC_Sum,43.5,0.9342414573344571
preHpostN:preHpostH,Pre_ISEL_Sum : Post_ISEL_sum,66.0,0.051528629862740885
preHpostN:preHpostH,Pre_SCS_SF_Mean : Post_SF_CMU_Sum,0.0,0.0006022273599596302
preHpostN:preHpostH,Pre_LS_Sum : Post_LS_Sum,21.0,0.0908728095877659
preHpostN:preHpostH,Pre_NBS_Sum : Post_NBS_Sum,39.5,0.8687329135092983
preHpostN:preHpostH,Pre_BRS_Sum : Post_BRS_sum,74.5,0.007501683679922169
preHpostN:preLpostL,Pre_PSS_sum : Post_PSS_sum,0.0,0.0
preHpostN:preLpostL,Pre_CSSEC_Sum : Post_CSSEC_Sum,0.0,0.0
preHpostN:preLpostL,Pre_ISEL_Sum : Post_ISEL_sum,0.0,0.0
preHpostN:preLpostL,Pre_SCS_SF_Mean : Post_SF_CMU_Sum,0.0,0.0
preHpostN:preLpostL,Pre_LS_Sum : Post_LS_Sum,0.0,0.0
preHpostN:preLpostL,Pre_NBS_Sum : Post_NBS_Sum,0.0,0.0
preHpostN:preLpostL,Pre_BRS_Sum : Post_BRS_sum,0.0,0.0
preHpostN:preLpostH,Pre_PSS_sum : Post_PSS_sum,0.0,0.0
preHpostN:preLpostH,Pre_CSSEC_Sum : Post_CSSEC_Sum,0.0,0.0
preHpostN:preLpostH,Pre_ISEL_Sum : Post_ISEL_sum,0.0,0.0
preHpostN:preLpostH,Pre_SCS_SF_Mean : Post_SF_CMU_Sum,0.0,0.0
preHpostN:preLpostH,Pre_LS_Sum : Post_LS_Sum,0.0,0.0
preHpostN:preLpostH,Pre_NBS_Sum : Post_NBS_Sum,0.0,0.0
preHpostN:preLpostH,Pre_BRS_Sum : Post_BRS_sum,0.0,0.0
preHpostN:preHpostL,Pre_PSS_sum : Post_PSS_sum,0.0,0.0
preHpostN:preHpostL,Pre_CSSEC_Sum : Post_CSSEC_Sum,0.0,0.0
preHpostN:preHpostL,Pre_ISEL_Sum : Post_ISEL_sum,0.0,0.0
preHpostN:preHpostL,Pre_SCS_SF_Mean : Post_SF_CMU_Sum,0.0,0.0
preHpostN:preHpostL,Pre_LS_Sum : Post_LS_Sum,0.0,0.0
preHpostN:preHpostL,Pre_NBS_Sum : Post_NBS_Sum,0.0,0.0
preHpostN:preHpostL,Pre_BRS_Sum : Post_BRS_sum,0.0,0.0
preLpostN:preHpostH,Pre_PSS_sum : Pre_PSS_sum,30.0,0.007969413024121784
preLpostN:preHpostH,Pre_CSSEC_Sum : Pre_CSSEC_Sum,28.0,0.022478873366125265
preLpostN:preHpostH,Pre_ISEL_Sum : Pre_ISEL_Sum,10.5,0.4631687362979815
preLpostN:preHpostH,Pre_SCS_SF_Mean : Pre_SCS_SF_Mean,0.0,0.00811311726556578
preLpostN:preHpostH,Pre_LS_Sum : Pre_LS_Sum,24.0,0.11984615709682368
preLpostN:preHpostH,Pre_NBS_Sum : Pre_NBS_Sum,30.0,0.007827028296291774
preLpostN:preHpostH,Pre_BRS_Sum : Pre_BRS_Sum,0.0,0.007827028296291774
preLpostN:preLpostL,Pre_PSS_sum : Pre_PSS_sum,0.0,0.0
preLpostN:preLpostL,Pre_CSSEC_Sum : Pre_CSSEC_Sum,0.0,0.0
preLpostN:preLpostL,Pre_ISEL_Sum : Pre_ISEL_Sum,0.0,0.0
preLpostN:preLpostL,Pre_SCS_SF_Mean : Pre_SCS_SF_Mean,0.0,0.0
preLpostN:preLpostL,Pre_LS_Sum : Pre_LS_Sum,0.0,0.0
preLpostN:preLpostL,Pre_NBS_Sum : Pre_NBS_Sum,0.0,0.0
preLpostN:preLpostL,Pre_BRS_Sum : Pre_BRS_Sum,0.0,0.0
preLpostN:preLpostH,Pre_PSS_sum : Pre_PSS_sum,0.0,0.0
preLpostN:preLpostH,Pre_CSSEC_Sum : Pre_CSSEC_Sum,0.0,0.0
preLpostN:preLpostH,Pre_ISEL_Sum : Pre_ISEL_Sum,0.0,0.0
preLpostN:preLpostH,Pre_SCS_SF_Mean : Pre_SCS_SF_Mean,0.0,0.0
preLpostN:preLpostH,Pre_LS_Sum : Pre_LS_Sum,0.0,0.0
preLpostN:preLpostH,Pre_NBS_Sum : Pre_NBS_Sum,0.0,0.0
preLpostN:preLpostH,Pre_BRS_Sum : Pre_BRS_Sum,0.0,0.0
preLpostN:preHpostL,Pre_PSS_sum : Pre_PSS_sum,0.0,0.0
preLpostN:preHpostL,Pre_CSSEC_Sum : Pre_CSSEC_Sum,0.0,0.0
preLpostN:preHpostL,Pre_ISEL_Sum : Pre_ISEL_Sum,0.0,0.0
preLpostN:preHpostL,Pre_SCS_SF_Mean : Pre_SCS_SF_Mean,0.0,0.0
preLpostN:preHpostL,Pre_LS_Sum : Pre_LS_Sum,0.0,0.0
preLpostN:preHpostL,Pre_NBS_Sum : Pre_NBS_Sum,0.0,0.0
preLpostN:preHpostL,Pre_BRS_Sum : Pre_BRS_Sum,0.0,0.0
preLpostN:preNpostN,Pre_PSS_sum : Post_PSS_sum,356.5,0.47971264750922016
preLpostN:preNpostN,Pre_CSSEC_Sum : Post_CSSEC_Sum,479.0,0.02451430762487089
preLpostN:preNpostN,Pre_ISEL_Sum : Post_ISEL_sum,304.0,0.9647683453512095
preLpostN:preNpostN,Pre_SCS_SF_Mean : Post_SF_CMU_Sum,0.0,0.00016018762776658126
preLpostN:preNpostN,Pre_LS_Sum : Post_LS_Sum,415.5,0.14696140541237088
preLpostN:preNpostN,Pre_NBS_Sum : Post_NBS_Sum,555.0,0.0013178094984502395
preLpostN:preNpostN,Pre_BRS_Sum : Post_BRS_sum,38.0,0.0009569533049414759
preLpostN:preNpostH,Pre_PSS_sum : Post_PSS_sum,26.0,0.6851971751939432
preLpostN:preNpostH,Pre_CSSEC_Sum : Post_CSSEC_Sum,33.5,0.16105235538722285
preLpostN:preNpostH,Pre_ISEL_Sum : Post_ISEL_sum,29.5,0.38402640329969884
preLpostN:preNpostH,Pre_SCS_SF_Mean : Post_SF_CMU_Sum,0.0,0.0033534364549463185
preLpostN:preNpostH,Pre_LS_Sum : Post_LS_Sum,30.5,0.315709819507521
preLpostN:preNpostH,Pre_NBS_Sum : Post_NBS_Sum,37.0,0.05994560507094402
preLpostN:preNpostH,Pre_BRS_Sum : Post_BRS_sum,4.5,0.01922887622149007
preLpostN:preNpostL,Pre_PSS_sum : Post_PSS_sum,19.0,0.5189924682098411
preLpostN:preNpostL,Pre_CSSEC_Sum : Post_CSSEC_Sum,25.0,0.0828374251588063
preLpostN:preNpostL,Pre_ISEL_Sum : Post_ISEL_sum,11.0,0.5209159105397685
preLpostN:preNpostL,Pre_SCS_SF_Mean : Post_SF_CMU_Sum,0.0,0.007969413024121784
preLpostN:preNpostL,Pre_LS_Sum : Post_LS_Sum,24.0,0.12069080052744556
preLpostN:preNpostL,Pre_NBS_Sum : Post_NBS_Sum,30.0,0.007685967384564919
preLpostN:preNpostL,Pre_BRS_Sum : Post_BRS_sum,0.0,0.007827028296291774
preLpostN:preHpostN,Pre_PSS_sum : Post_PSS_sum,54.5,0.07634103653906514
preLpostN:preHpostN,Pre_CSSEC_Sum : Post_CSSEC_Sum,66.0,0.004746519919927754
preLpostN:preHpostN,Pre_ISEL_Sum : Post_ISEL_sum,40.5,0.6421117743124654
preLpostN:preHpostN,Pre_SCS_SF_Mean : Post_SF_CMU_Sum,0.0,0.0013959788771255568
preLpostN:preHpostN,Pre_LS_Sum : Post_LS_Sum,50.5,0.1639873120608114
preLpostN:preHpostN,Pre_NBS_Sum : Post_NBS_Sum,67.0,0.0033699861335826356
preLpostN:preHpostN,Pre_BRS_Sum : Post_BRS_sum,0.0,0.0013357725974415563
preLpostN:preLpostN,Pre_PSS_sum : Post_PSS_sum,20.0,0.13879173842360976
preLpostN:preLpostN,Pre_CSSEC_Sum : Post_CSSEC_Sum,17.0,0.4033953048926283
preLpostN:preLpostN,Pre_ISEL_Sum : Post_ISEL_sum,15.0,0.6704021525148367
preLpostN:preLpostN,Pre_SCS_SF_Mean : Post_SF_CMU_Sum,0.0,0.012185780355344813
preLpostN:preLpostN,Pre_LS_Sum : Post_LS_Sum,16.0,0.5308693039685082
preLpostN:preLpostN,Pre_NBS_Sum : Post_NBS_Sum,23.0,0.03557883323959408
preLpostN:preLpostN,Pre_BRS_Sum : Post_BRS_sum,4.0,0.09169028154942915
preLpostN:preHpostH,Pre_PSS_sum : Post_PSS_sum,17.5,0.7118520451183861
preLpostN:preHpostH,Pre_CSSEC_Sum : Post_CSSEC_Sum,26.0,0.05523425371806383
preLpostN:preHpostH,Pre_ISEL_Sum : Post_ISEL_sum,20.0,0.39926914317106554
preLpostN:preHpostH,Pre_SCS_SF_Mean : Post_SF_CMU_Sum,0.0,0.00811311726556578
preLpostN:preHpostH,Pre_LS_Sum : Post_LS_Sum,16.5,0.854805435691019
preLpostN:preHpostH,Pre_NBS_Sum : Post_NBS_Sum,27.0,0.034926255949542
preLpostN:preHpostH,Pre_BRS_Sum : Post_BRS_sum,5.5,0.09880231368636007
preLpostN:preLpostL,Pre_PSS_sum : Post_PSS_sum,0.0,0.0
preLpostN:preLpostL,Pre_CSSEC_Sum : Post_CSSEC_Sum,0.0,0.0
preLpostN:preLpostL,Pre_ISEL_Sum : Post_ISEL_sum,0.0,0.0
preLpostN:preLpostL,Pre_SCS_SF_Mean : Post_SF_CMU_Sum,0.0,0.0
preLpostN:preLpostL,Pre_LS_Sum : Post_LS_Sum,0.0,0.0
preLpostN:preLpostL,Pre_NBS_Sum : Post_NBS_Sum,0.0,0.0
preLpostN:preLpostL,Pre_BRS_Sum : Post_BRS_sum,0.0,0.0
preLpostN:preLpostH,Pre_PSS_sum : Post_PSS_sum,0.0,0.0
preLpostN:preLpostH,Pre_CSSEC_Sum : Post_CSSEC_Sum,0.0,0.0
preLpostN:preLpostH,Pre_ISEL_Sum : Post_ISEL_sum,0.0,0.0
preLpostN:preLpostH,Pre_SCS_SF_Mean : Post_SF_CMU_Sum,0.0,0.0
preLpostN:preLpostH,Pre_LS_Sum : Post_LS_Sum,0.0,0.0
preLpostN:preLpostH,Pre_NBS_Sum : Post_NBS_Sum,0.0,0.0
preLpostN:preLpostH,Pre_BRS_Sum : Post_BRS_sum,0.0,0.0
preLpostN:preHpostL,Pre_PSS_sum : Post_PSS_sum,0.0,0.0
preLpostN:preHpostL,Pre_CSSEC_Sum : Post_CSSEC_Sum,0.0,0.0
preLpostN:preHpostL,Pre_ISEL_Sum : Post_ISEL_sum,0.0,0.0
preLpostN:preHpostL,Pre_SCS_SF_Mean : Post_SF_CMU_Sum,0.0,0.0
preLpostN:preHpostL,Pre_LS_Sum : Post_LS_Sum,0.0,0.0
preLpostN:preHpostL,Pre_NBS_Sum : Post_NBS_Sum,0.0,0.0
preLpostN:preHpostL,Pre_BRS_Sum : Post_BRS_sum,0.0,0.0
preHpostH:preLpostL,Pre_PSS_sum : Pre_PSS_sum,0.0,0.0
preHpostH:preLpostL,Pre_CSSEC_Sum : Pre_CSSEC_Sum,0.0,0.0
preHpostH:preLpostL,Pre_ISEL_Sum : Pre_ISEL_Sum,0.0,0.0
preHpostH:preLpostL,Pre_SCS_SF_Mean : Pre_SCS_SF_Mean,0.0,0.0
preHpostH:preLpostL,Pre_LS_Sum : Pre_LS_Sum,0.0,0.0
preHpostH:preLpostL,Pre_NBS_Sum : Pre_NBS_Sum,0.0,0.0
preHpostH:preLpostL,Pre_BRS_Sum : Pre_BRS_Sum,0.0,0.0
preHpostH:preLpostH,Pre_PSS_sum : Pre_PSS_sum,0.0,0.0
preHpostH:preLpostH,Pre_CSSEC_Sum : Pre_CSSEC_Sum,0.0,0.0
preHpostH:preLpostH,Pre_ISEL_Sum : Pre_ISEL_Sum,0.0,0.0
preHpostH:preLpostH,Pre_SCS_SF_Mean : Pre_SCS_SF_Mean,0.0,0.0
preHpostH:preLpostH,Pre_LS_Sum : Pre_LS_Sum,0.0,0.0
preHpostH:preLpostH,Pre_NBS_Sum : Pre_NBS_Sum,0.0,0.0
preHpostH:preLpostH,Pre_BRS_Sum : Pre_BRS_Sum,0.0,0.0
preHpostH:preHpostL,Pre_PSS_sum : Pre_PSS_sum,0.0,0.0
preHpostH:preHpostL,Pre_CSSEC_Sum : Pre_CSSEC_Sum,0.0,0.0
preHpostH:preHpostL,Pre_ISEL_Sum : Pre_ISEL_Sum,0.0,0.0
preHpostH:preHpostL,Pre_SCS_SF_Mean : Pre_SCS_SF_Mean,0.0,0.0
preHpostH:preHpostL,Pre_LS_Sum : Pre_LS_Sum,0.0,0.0
preHpostH:preHpostL,Pre_NBS_Sum : Pre_NBS_Sum,0.0,0.0
preHpostH:preHpostL,Pre_BRS_Sum : Pre_BRS_Sum,0.0,0.0
preHpostH:preNpostN,Pre_PSS_sum : Post_PSS_sum,9.5,5.935789151708006e-05
preHpostH:preNpostN,Pre_CSSEC_Sum : Post_CSSEC_Sum,225.5,0.124753254126211
preHpostH:preNpostN,Pre_ISEL_Sum : Post_ISEL_sum,500.0,0.10936020862190406
preHpostH:preNpostN,Pre_SCS_SF_Mean : Post_SF_CMU_Sum,0.0,3.7920604129681884e-05
preHpostH:preNpostN,Pre_LS_Sum : Post_LS_Sum,185.5,0.04597793547045165
preHpostH:preNpostN,Pre_NBS_Sum : Post_NBS_Sum,108.0,0.003899017032947493
preHpostH:preNpostN,Pre_BRS_Sum : Post_BRS_sum,660.5,0.0005708200841787693
preHpostH:preNpostH,Pre_PSS_sum : Post_PSS_sum,0.0,0.001772936866096827
preHpostH:preNpostH,Pre_CSSEC_Sum : Post_CSSEC_Sum,11.0,0.06774601384068928
preHpostH:preNpostH,Pre_ISEL_Sum : Post_ISEL_sum,49.0,0.010566117093230663
preHpostH:preNpostH,Pre_SCS_SF_Mean : Post_SF_CMU_Sum,0.0,0.0017898432786234543
preHpostH:preNpostH,Pre_LS_Sum : Post_LS_Sum,5.5,0.012837725252276245
preHpostH:preNpostH,Pre_NBS_Sum : Post_NBS_Sum,11.5,0.0747254630428896
preHpostH:preNpostH,Pre_BRS_Sum : Post_BRS_sum,53.0,0.0026074523719265314
preHpostH:preNpostL,Pre_PSS_sum : Post_PSS_sum,1.0,0.00823901882572464
preHpostH:preNpostL,Pre_CSSEC_Sum : Post_CSSEC_Sum,10.0,0.22976627046113807
preHpostH:preNpostL,Pre_ISEL_Sum : Post_ISEL_sum,18.0,0.9358496758597604
preHpostH:preNpostL,Pre_SCS_SF_Mean : Post_SF_CMU_Sum,0.0,0.004998124765082452
preHpostH:preNpostL,Pre_LS_Sum : Post_LS_Sum,17.5,1.0
preHpostH:preNpostL,Pre_NBS_Sum : Post_NBS_Sum,8.5,0.14811579591762544
preHpostH:preNpostL,Pre_BRS_Sum : Post_BRS_sum,31.0,0.04345280199222441
preHpostH:preHpostN,Pre_PSS_sum : Post_PSS_sum,0.0,0.0005851430032504349
preHpostH:preHpostN,Pre_CSSEC_Sum : Post_CSSEC_Sum,31.0,0.3864762307712327
preHpostH:preHpostN,Pre_ISEL_Sum : Post_ISEL_sum,71.0,0.018430650169654395
preHpostH:preHpostN,Pre_SCS_SF_Mean : Post_SF_CMU_Sum,0.0,0.0006167260895991105
preHpostH:preHpostN,Pre_LS_Sum : Post_LS_Sum,19.5,0.06865245120623874
preHpostH:preHpostN,Pre_NBS_Sum : Post_NBS_Sum,20.0,0.0743046381342512
preHpostH:preHpostN,Pre_BRS_Sum : Post_BRS_sum,73.0,0.011346882347466683
preHpostH:preLpostN,Pre_PSS_sum : Post_PSS_sum,0.0,0.00811311726556578
preHpostH:preLpostN,Pre_CSSEC_Sum : Post_CSSEC_Sum,13.0,0.7841912294016191
preHpostH:preLpostN,Pre_ISEL_Sum : Post_ISEL_sum,22.5,0.1981559145278654
preHpostH:preLpostN,Pre_SCS_SF_Mean : Post_SF_CMU_Sum,0.0,0.00811311726556578
preHpostH:preLpostN,Pre_LS_Sum : Post_LS_Sum,1.5,0.017110390416804466
preHpostH:preLpostN,Pre_NBS_Sum : Post_NBS_Sum,5.5,0.09957553389386736
preHpostH:preLpostN,Pre_BRS_Sum : Post_BRS_sum,28.0,0.022173545386486773
preHpostH:preHpostH,Pre_PSS_sum : Post_PSS_sum,1.0,0.00823901882572464
preHpostH:preHpostH,Pre_CSSEC_Sum : Post_CSSEC_Sum,11.0,0.2979530616081678
preHpostH:preHpostH,Pre_ISEL_Sum : Post_ISEL_sum,30.0,0.06319958766571356
preHpostH:preHpostH,Pre_SCS_SF_Mean : Post_SF_CMU_Sum,0.0,0.005074868097940253
preHpostH:preHpostH,Pre_LS_Sum : Post_LS_Sum,7.0,0.09212510369170912
preHpostH:preHpostH,Pre_NBS_Sum : Post_NBS_Sum,8.0,0.12820527503039147
preHpostH:preHpostH,Pre_BRS_Sum : Post_BRS_sum,34.0,0.012591911490379684
preHpostH:preLpostL,Pre_PSS_sum : Post_PSS_sum,0.0,0.0
preHpostH:preLpostL,Pre_CSSEC_Sum : Post_CSSEC_Sum,0.0,0.0
preHpostH:preLpostL,Pre_ISEL_Sum : Post_ISEL_sum,0.0,0.0
preHpostH:preLpostL,Pre_SCS_SF_Mean : Post_SF_CMU_Sum,0.0,0.0
preHpostH:preLpostL,Pre_LS_Sum : Post_LS_Sum,0.0,0.0
preHpostH:preLpostL,Pre_NBS_Sum : Post_NBS_Sum,0.0,0.0
preHpostH:preLpostL,Pre_BRS_Sum : Post_BRS_sum,0.0,0.0
preHpostH:preLpostH,Pre_PSS_sum : Post_PSS_sum,0.0,0.0
preHpostH:preLpostH,Pre_CSSEC_Sum : Post_CSSEC_Sum,0.0,0.0
preHpostH:preLpostH,Pre_ISEL_Sum : Post_ISEL_sum,0.0,0.0
preHpostH:preLpostH,Pre_SCS_SF_Mean : Post_SF_CMU_Sum,0.0,0.0
preHpostH:preLpostH,Pre_LS_Sum : Post_LS_Sum,0.0,0.0
preHpostH:preLpostH,Pre_NBS_Sum : Post_NBS_Sum,0.0,0.0
preHpostH:preLpostH,Pre_BRS_Sum : Post_BRS_sum,0.0,0.0
preHpostH:preHpostL,Pre_PSS_sum : Post_PSS_sum,0.0,0.0
preHpostH:preHpostL,Pre_CSSEC_Sum : Post_CSSEC_Sum,0.0,0.0
preHpostH:preHpostL,Pre_ISEL_Sum : Post_ISEL_sum,0.0,0.0
preHpostH:preHpostL,Pre_SCS_SF_Mean : Post_SF_CMU_Sum,0.0,0.0
preHpostH:preHpostL,Pre_LS_Sum : Post_LS_Sum,0.0,0.0
preHpostH:preHpostL,Pre_NBS_Sum : Post_NBS_Sum,0.0,0.0
preHpostH:preHpostL,Pre_BRS_Sum : Post_BRS_sum,0.0,0.0
preLpostL:preLpostH,Pre_PSS_sum : Pre_PSS_sum,0.0,0.0
preLpostL:preLpostH,Pre_CSSEC_Sum : Pre_CSSEC_Sum,0.0,0.0
preLpostL:preLpostH,Pre_ISEL_Sum : Pre_ISEL_Sum,0.0,0.0
preLpostL:preLpostH,Pre_SCS_SF_Mean : Pre_SCS_SF_Mean,0.0,0.0
preLpostL:preLpostH,Pre_LS_Sum : Pre_LS_Sum,0.0,0.0
preLpostL:preLpostH,Pre_NBS_Sum : Pre_NBS_Sum,0.0,0.0
preLpostL:preLpostH,Pre_BRS_Sum : Pre_BRS_Sum,0.0,0.0
preLpostL:preHpostL,Pre_PSS_sum : Pre_PSS_sum,0.0,0.0
preLpostL:preHpostL,Pre_CSSEC_Sum : Pre_CSSEC_Sum,0.0,0.0
preLpostL:preHpostL,Pre_ISEL_Sum : Pre_ISEL_Sum,0.0,0.0
preLpostL:preHpostL,Pre_SCS_SF_Mean : Pre_SCS_SF_Mean,0.0,0.0
preLpostL:preHpostL,Pre_LS_Sum : Pre_LS_Sum,0.0,0.0
preLpostL:preHpostL,Pre_NBS_Sum : Pre_NBS_Sum,0.0,0.0
preLpostL:preHpostL,Pre_BRS_Sum : Pre_BRS_Sum,0.0,0.0
preLpostL:preNpostN,Pre_PSS_sum : Post_PSS_sum,0.0,0.0
preLpostL:preNpostN,Pre_CSSEC_Sum : Post_CSSEC_Sum,0.0,0.0
preLpostL:preNpostN,Pre_ISEL_Sum : Post_ISEL_sum,0.0,0.0
preLpostL:preNpostN,Pre_SCS_SF_Mean : Post_SF_CMU_Sum,0.0,0.0
preLpostL:preNpostN,Pre_LS_Sum : Post_LS_Sum,0.0,0.0
preLpostL:preNpostN,Pre_NBS_Sum : Post_NBS_Sum,0.0,0.0
preLpostL:preNpostN,Pre_BRS_Sum : Post_BRS_sum,0.0,0.0
preLpostL:preNpostH,Pre_PSS_sum : Post_PSS_sum,0.0,0.0
preLpostL:preNpostH,Pre_CSSEC_Sum : Post_CSSEC_Sum,0.0,0.0
preLpostL:preNpostH,Pre_ISEL_Sum : Post_ISEL_sum,0.0,0.0
preLpostL:preNpostH,Pre_SCS_SF_Mean : Post_SF_CMU_Sum,0.0,0.0
preLpostL:preNpostH,Pre_LS_Sum : Post_LS_Sum,0.0,0.0
preLpostL:preNpostH,Pre_NBS_Sum : Post_NBS_Sum,0.0,0.0
preLpostL:preNpostH,Pre_BRS_Sum : Post_BRS_sum,0.0,0.0
preLpostL:preNpostL,Pre_PSS_sum : Post_PSS_sum,0.0,0.0
preLpostL:preNpostL,Pre_CSSEC_Sum : Post_CSSEC_Sum,0.0,0.0
preLpostL:preNpostL,Pre_ISEL_Sum : Post_ISEL_sum,0.0,0.0
preLpostL:preNpostL,Pre_SCS_SF_Mean : Post_SF_CMU_Sum,0.0,0.0
preLpostL:preNpostL,Pre_LS_Sum : Post_LS_Sum,0.0,0.0
preLpostL:preNpostL,Pre_NBS_Sum : Post_NBS_Sum,0.0,0.0
preLpostL:preNpostL,Pre_BRS_Sum : Post_BRS_sum,0.0,0.0
preLpostL:preHpostN,Pre_PSS_sum : Post_PSS_sum,0.0,0.0
preLpostL:preHpostN,Pre_CSSEC_Sum : Post_CSSEC_Sum,0.0,0.0
preLpostL:preHpostN,Pre_ISEL_Sum : Post_ISEL_sum,0.0,0.0
preLpostL:preHpostN,Pre_SCS_SF_Mean : Post_SF_CMU_Sum,0.0,0.0
preLpostL:preHpostN,Pre_LS_Sum : Post_LS_Sum,0.0,0.0
preLpostL:preHpostN,Pre_NBS_Sum : Post_NBS_Sum,0.0,0.0
preLpostL:preHpostN,Pre_BRS_Sum : Post_BRS_sum,0.0,0.0
preLpostL:preLpostN,Pre_PSS_sum : Post_PSS_sum,0.0,0.0
preLpostL:preLpostN,Pre_CSSEC_Sum : Post_CSSEC_Sum,0.0,0.0
preLpostL:preLpostN,Pre_ISEL_Sum : Post_ISEL_sum,0.0,0.0
preLpostL:preLpostN,Pre_SCS_SF_Mean : Post_SF_CMU_Sum,0.0,0.0
preLpostL:preLpostN,Pre_LS_Sum : Post_LS_Sum,0.0,0.0
preLpostL:preLpostN,Pre_NBS_Sum : Post_NBS_Sum,0.0,0.0
preLpostL:preLpostN,Pre_BRS_Sum : Post_BRS_sum,0.0,0.0
preLpostL:preHpostH,Pre_PSS_sum : Post_PSS_sum,0.0,0.0
preLpostL:preHpostH,Pre_CSSEC_Sum : Post_CSSEC_Sum,0.0,0.0
preLpostL:preHpostH,Pre_ISEL_Sum : Post_ISEL_sum,0.0,0.0
preLpostL:preHpostH,Pre_SCS_SF_Mean : Post_SF_CMU_Sum,0.0,0.0
preLpostL:preHpostH,Pre_LS_Sum : Post_LS_Sum,0.0,0.0
preLpostL:preHpostH,Pre_NBS_Sum : Post_NBS_Sum,0.0,0.0
preLpostL:preHpostH,Pre_BRS_Sum : Post_BRS_sum,0.0,0.0
preLpostL:preLpostL,Pre_PSS_sum : Post_PSS_sum,0.0,0.0
preLpostL:preLpostL,Pre_CSSEC_Sum : Post_CSSEC_Sum,0.0,0.0
preLpostL:preLpostL,Pre_ISEL_Sum : Post_ISEL_sum,0.0,0.0
preLpostL:preLpostL,Pre_SCS_SF_Mean : Post_SF_CMU_Sum,0.0,0.0
preLpostL:preLpostL,Pre_LS_Sum : Post_LS_Sum,0.0,0.0
preLpostL:preLpostL,Pre_NBS_Sum : Post_NBS_Sum,0.0,0.0
preLpostL:preLpostL,Pre_BRS_Sum : Post_BRS_sum,0.0,0.0
preLpostL:preLpostH,Pre_PSS_sum : Post_PSS_sum,0.0,0.0
preLpostL:preLpostH,Pre_CSSEC_Sum : Post_CSSEC_Sum,0.0,0.0
preLpostL:preLpostH,Pre_ISEL_Sum : Post_ISEL_sum,0.0,0.0
preLpostL:preLpostH,Pre_SCS_SF_Mean : Post_SF_CMU_Sum,0.0,0.0
preLpostL:preLpostH,Pre_LS_Sum : Post_LS_Sum,0.0,0.0
preLpostL:preLpostH,Pre_NBS_Sum : Post_NBS_Sum,0.0,0.0
preLpostL:preLpostH,Pre_BRS_Sum : Post_BRS_sum,0.0,0.0
preLpostL:preHpostL,Pre_PSS_sum : Post_PSS_sum,0.0,0.0
preLpostL:preHpostL,Pre_CSSEC_Sum : Post_CSSEC_Sum,0.0,0.0
preLpostL:preHpostL,Pre_ISEL_Sum : Post_ISEL_sum,0.0,0.0
preLpostL:preHpostL,Pre_SCS_SF_Mean : Post_SF_CMU_Sum,0.0,0.0
preLpostL:preHpostL,Pre_LS_Sum : Post_LS_Sum,0.0,0.0
preLpostL:preHpostL,Pre_NBS_Sum : Post_NBS_Sum,0.0,0.0
preLpostL:preHpostL,Pre_BRS_Sum : Post_BRS_sum,0.0,0.0
preLpostH:preHpostL,Pre_PSS_sum : Pre_PSS_sum,0.0,0.0
preLpostH:preHpostL,Pre_CSSEC_Sum : Pre_CSSEC_Sum,0.0,0.0
preLpostH:preHpostL,Pre_ISEL_Sum : Pre_ISEL_Sum,0.0,0.0
preLpostH:preHpostL,Pre_SCS_SF_Mean : Pre_SCS_SF_Mean,0.0,0.0
preLpostH:preHpostL,Pre_LS_Sum : Pre_LS_Sum,0.0,0.0
preLpostH:preHpostL,Pre_NBS_Sum : Pre_NBS_Sum,0.0,0.0
preLpostH:preHpostL,Pre_BRS_Sum : Pre_BRS_Sum,0.0,0.0
preLpostH:preNpostN,Pre_PSS_sum : Post_PSS_sum,0.0,0.0
preLpostH:preNpostN,Pre_CSSEC_Sum : Post_CSSEC_Sum,0.0,0.0
preLpostH:preNpostN,Pre_ISEL_Sum : Post_ISEL_sum,0.0,0.0
preLpostH:preNpostN,Pre_SCS_SF_Mean : Post_SF_CMU_Sum,0.0,0.0
preLpostH:preNpostN,Pre_LS_Sum : Post_LS_Sum,0.0,0.0
preLpostH:preNpostN,Pre_NBS_Sum : Post_NBS_Sum,0.0,0.0
preLpostH:preNpostN,Pre_BRS_Sum : Post_BRS_sum,0.0,0.0
preLpostH:preNpostH,Pre_PSS_sum : Post_PSS_sum,0.0,0.0
preLpostH:preNpostH,Pre_CSSEC_Sum : Post_CSSEC_Sum,0.0,0.0
preLpostH:preNpostH,Pre_ISEL_Sum : Post_ISEL_sum,0.0,0.0
preLpostH:preNpostH,Pre_SCS_SF_Mean : Post_SF_CMU_Sum,0.0,0.0
preLpostH:preNpostH,Pre_LS_Sum : Post_LS_Sum,0.0,0.0
preLpostH:preNpostH,Pre_NBS_Sum : Post_NBS_Sum,0.0,0.0
preLpostH:preNpostH,Pre_BRS_Sum : Post_BRS_sum,0.0,0.0
preLpostH:preNpostL,Pre_PSS_sum : Post_PSS_sum,0.0,0.0
preLpostH:preNpostL,Pre_CSSEC_Sum : Post_CSSEC_Sum,0.0,0.0
preLpostH:preNpostL,Pre_ISEL_Sum : Post_ISEL_sum,0.0,0.0
preLpostH:preNpostL,Pre_SCS_SF_Mean : Post_SF_CMU_Sum,0.0,0.0
preLpostH:preNpostL,Pre_LS_Sum : Post_LS_Sum,0.0,0.0
preLpostH:preNpostL,Pre_NBS_Sum : Post_NBS_Sum,0.0,0.0
preLpostH:preNpostL,Pre_BRS_Sum : Post_BRS_sum,0.0,0.0
preLpostH:preHpostN,Pre_PSS_sum : Post_PSS_sum,0.0,0.0
preLpostH:preHpostN,Pre_CSSEC_Sum : Post_CSSEC_Sum,0.0,0.0
preLpostH:preHpostN,Pre_ISEL_Sum : Post_ISEL_sum,0.0,0.0
preLpostH:preHpostN,Pre_SCS_SF_Mean : Post_SF_CMU_Sum,0.0,0.0
preLpostH:preHpostN,Pre_LS_Sum : Post_LS_Sum,0.0,0.0
preLpostH:preHpostN,Pre_NBS_Sum : Post_NBS_Sum,0.0,0.0
preLpostH:preHpostN,Pre_BRS_Sum : Post_BRS_sum,0.0,0.0
preLpostH:preLpostN,Pre_PSS_sum : Post_PSS_sum,0.0,0.0
preLpostH:preLpostN,Pre_CSSEC_Sum : Post_CSSEC_Sum,0.0,0.0
preLpostH:preLpostN,Pre_ISEL_Sum : Post_ISEL_sum,0.0,0.0
preLpostH:preLpostN,Pre_SCS_SF_Mean : Post_SF_CMU_Sum,0.0,0.0
preLpostH:preLpostN,Pre_LS_Sum : Post_LS_Sum,0.0,0.0
preLpostH:preLpostN,Pre_NBS_Sum : Post_NBS_Sum,0.0,0.0
preLpostH:preLpostN,Pre_BRS_Sum : Post_BRS_sum,0.0,0.0
preLpostH:preHpostH,Pre_PSS_sum : Post_PSS_sum,0.0,0.0
preLpostH:preHpostH,Pre_CSSEC_Sum : Post_CSSEC_Sum,0.0,0.0
preLpostH:preHpostH,Pre_ISEL_Sum : Post_ISEL_sum,0.0,0.0
preLpostH:preHpostH,Pre_SCS_SF_Mean : Post_SF_CMU_Sum,0.0,0.0
preLpostH:preHpostH,Pre_LS_Sum : Post_LS_Sum,0.0,0.0
preLpostH:preHpostH,Pre_NBS_Sum : Post_NBS_Sum,0.0,0.0
preLpostH:preHpostH,Pre_BRS_Sum : Post_BRS_sum,0.0,0.0
preLpostH:preLpostL,Pre_PSS_sum : Post_PSS_sum,0.0,0.0
preLpostH:preLpostL,Pre_CSSEC_Sum : Post_CSSEC_Sum,0.0,0.0
preLpostH:preLpostL,Pre_ISEL_Sum : Post_ISEL_sum,0.0,0.0
preLpostH:preLpostL,Pre_SCS_SF_Mean : Post_SF_CMU_Sum,0.0,0.0
preLpostH:preLpostL,Pre_LS_Sum : Post_LS_Sum,0.0,0.0
preLpostH:preLpostL,Pre_NBS_Sum : Post_NBS_Sum,0.0,0.0
preLpostH:preLpostL,Pre_BRS_Sum : Post_BRS_sum,0.0,0.0
preLpostH:preLpostH,Pre_PSS_sum : Post_PSS_sum,0.0,0.0
preLpostH:preLpostH,Pre_CSSEC_Sum : Post_CSSEC_Sum,0.0,0.0
preLpostH:preLpostH,Pre_ISEL_Sum : Post_ISEL_sum,0.0,0.0
preLpostH:preLpostH,Pre_SCS_SF_Mean : Post_SF_CMU_Sum,0.0,0.0
preLpostH:preLpostH,Pre_LS_Sum : Post_LS_Sum,0.0,0.0
preLpostH:preLpostH,Pre_NBS_Sum : Post_NBS_Sum,0.0,0.0
preLpostH:preLpostH,Pre_BRS_Sum : Post_BRS_sum,0.0,0.0
preLpostH:preHpostL,Pre_PSS_sum : Post_PSS_sum,0.0,0.0
preLpostH:preHpostL,Pre_CSSEC_Sum : Post_CSSEC_Sum,0.0,0.0
preLpostH:preHpostL,Pre_ISEL_Sum : Post_ISEL_sum,0.0,0.0
preLpostH:preHpostL,Pre_SCS_SF_Mean : Post_SF_CMU_Sum,0.0,0.0
preLpostH:preHpostL,Pre_LS_Sum : Post_LS_Sum,0.0,0.0
preLpostH:preHpostL,Pre_NBS_Sum : Post_NBS_Sum,0.0,0.0
preLpostH:preHpostL,Pre_BRS_Sum : Post_BRS_sum,0.0,0.0
preHpostL:preNpostN,Pre_PSS_sum : Post_PSS_sum,0.0,0.0
preHpostL:preNpostN,Pre_CSSEC_Sum : Post_CSSEC_Sum,0.0,0.0
preHpostL:preNpostN,Pre_ISEL_Sum : Post_ISEL_sum,0.0,0.0
preHpostL:preNpostN,Pre_SCS_SF_Mean : Post_SF_CMU_Sum,0.0,0.0
preHpostL:preNpostN,Pre_LS_Sum : Post_LS_Sum,0.0,0.0
preHpostL:preNpostN,Pre_NBS_Sum : Post_NBS_Sum,0.0,0.0
preHpostL:preNpostN,Pre_BRS_Sum : Post_BRS_sum,0.0,0.0
preHpostL:preNpostH,Pre_PSS_sum : Post_PSS_sum,0.0,0.0
preHpostL:preNpostH,Pre_CSSEC_Sum : Post_CSSEC_Sum,0.0,0.0
preHpostL:preNpostH,Pre_ISEL_Sum : Post_ISEL_sum,0.0,0.0
preHpostL:preNpostH,Pre_SCS_SF_Mean : Post_SF_CMU_Sum,0.0,0.0
preHpostL:preNpostH,Pre_LS_Sum : Post_LS_Sum,0.0,0.0
preHpostL:preNpostH,Pre_NBS_Sum : Post_NBS_Sum,0.0,0.0
preHpostL:preNpostH,Pre_BRS_Sum : Post_BRS_sum,0.0,0.0
preHpostL:preNpostL,Pre_PSS_sum : Post_PSS_sum,0.0,0.0
preHpostL:preNpostL,Pre_CSSEC_Sum : Post_CSSEC_Sum,0.0,0.0
preHpostL:preNpostL,Pre_ISEL_Sum : Post_ISEL_sum,0.0,0.0
preHpostL:preNpostL,Pre_SCS_SF_Mean : Post_SF_CMU_Sum,0.0,0.0
preHpostL:preNpostL,Pre_LS_Sum : Post_LS_Sum,0.0,0.0
preHpostL:preNpostL,Pre_NBS_Sum : Post_NBS_Sum,0.0,0.0
preHpostL:preNpostL,Pre_BRS_Sum : Post_BRS_sum,0.0,0.0
preHpostL:preHpostN,Pre_PSS_sum : Post_PSS_sum,0.0,0.0
preHpostL:preHpostN,Pre_CSSEC_Sum : Post_CSSEC_Sum,0.0,0.0
preHpostL:preHpostN,Pre_ISEL_Sum : Post_ISEL_sum,0.0,0.0
preHpostL:preHpostN,Pre_SCS_SF_Mean : Post_SF_CMU_Sum,0.0,0.0
preHpostL:preHpostN,Pre_LS_Sum : Post_LS_Sum,0.0,0.0
preHpostL:preHpostN,Pre_NBS_Sum : Post_NBS_Sum,0.0,0.0
preHpostL:preHpostN,Pre_BRS_Sum : Post_BRS_sum,0.0,0.0
preHpostL:preLpostN,Pre_PSS_sum : Post_PSS_sum,0.0,0.0
preHpostL:preLpostN,Pre_CSSEC_Sum : Post_CSSEC_Sum,0.0,0.0
preHpostL:preLpostN,Pre_ISEL_Sum : Post_ISEL_sum,0.0,0.0
preHpostL:preLpostN,Pre_SCS_SF_Mean : Post_SF_CMU_Sum,0.0,0.0
preHpostL:preLpostN,Pre_LS_Sum : Post_LS_Sum,0.0,0.0
preHpostL:preLpostN,Pre_NBS_Sum : Post_NBS_Sum,0.0,0.0
preHpostL:preLpostN,Pre_BRS_Sum : Post_BRS_sum,0.0,0.0
preHpostL:preHpostH,Pre_PSS_sum : Post_PSS_sum,0.0,0.0
preHpostL:preHpostH,Pre_CSSEC_Sum : Post_CSSEC_Sum,0.0,0.0
preHpostL:preHpostH,Pre_ISEL_Sum : Post_ISEL_sum,0.0,0.0
preHpostL:preHpostH,Pre_SCS_SF_Mean : Post_SF_CMU_Sum,0.0,0.0
preHpostL:preHpostH,Pre_LS_Sum : Post_LS_Sum,0.0,0.0
preHpostL:preHpostH,Pre_NBS_Sum : Post_NBS_Sum,0.0,0.0
preHpostL:preHpostH,Pre_BRS_Sum : Post_BRS_sum,0.0,0.0
preHpostL:preLpostL,Pre_PSS_sum : Post_PSS_sum,0.0,0.0
preHpostL:preLpostL,Pre_CSSEC_Sum : Post_CSSEC_Sum,0.0,0.0
preHpostL:preLpostL,Pre_ISEL_Sum : Post_ISEL_sum,0.0,0.0
preHpostL:preLpostL,Pre_SCS_SF_Mean : Post_SF_CMU_Sum,0.0,0.0
preHpostL:preLpostL,Pre_LS_Sum : Post_LS_Sum,0.0,0.0
preHpostL:preLpostL,Pre_NBS_Sum : Post_NBS_Sum,0.0,0.0
preHpostL:preLpostL,Pre_BRS_Sum : Post_BRS_sum,0.0,0.0
preHpostL:preLpostH,Pre_PSS_sum : Post_PSS_sum,0.0,0.0
preHpostL:preLpostH,Pre_CSSEC_Sum : Post_CSSEC_Sum,0.0,0.0
preHpostL:preLpostH,Pre_ISEL_Sum : Post_ISEL_sum,0.0,0.0
preHpostL:preLpostH,Pre_SCS_SF_Mean : Post_SF_CMU_Sum,0.0,0.0
preHpostL:preLpostH,Pre_LS_Sum : Post_LS_Sum,0.0,0.0
preHpostL:preLpostH,Pre_NBS_Sum : Post_NBS_Sum,0.0,0.0
preHpostL:preLpostH,Pre_BRS_Sum : Post_BRS_sum,0.0,0.0
preHpostL:preHpostL,Pre_PSS_sum : Post_PSS_sum,0.0,0.0
preHpostL:preHpostL,Pre_CSSEC_Sum : Post_CSSEC_Sum,0.0,0.0
preHpostL:preHpostL,Pre_ISEL_Sum : Post_ISEL_sum,0.0,0.0
preHpostL:preHpostL,Pre_SCS_SF_Mean : Post_SF_CMU_Sum,0.0,0.0
preHpostL:preHpostL,Pre_LS_Sum : Post_LS_Sum,0.0,0.0
preHpostL:preHpostL,Pre_NBS_Sum : Post_NBS_Sum,0.0,0.0
preHpostL:preHpostL,Pre_BRS_Sum : Post_BRS_sum,0.0,0.0
preNpostN:preNpostH,Post_PSS_sum : Post_PSS_sum,499.0,0.707613851020105
preNpostN:preNpostH,Post_CSSEC_Sum : Post_CSSEC_Sum,429.0,0.30696079750339633
preNpostN:preNpostH,Post_ISEL_sum : Post_ISEL_sum,727.5,0.08326158797277668
preNpostN:preNpostH,Post_SF_CMU_Sum : Post_SF_CMU_Sum,843.0,0.005145032690794953
preNpostN:preNpostH,Post_LS_Sum : Post_LS_Sum,465.0,0.49048378483177457
preNpostN:preNpostH,Post_NBS_Sum : Post_NBS_Sum,572.0,0.77046855088855
preNpostN:preNpostH,Post_BRS_sum : Post_BRS_sum,662.5,0.2580106448958852
preNpostN:preNpostL,Post_PSS_sum : Post_PSS_sum,419.5,0.49843929360740047
preNpostN:preNpostL,Post_CSSEC_Sum : Post_CSSEC_Sum,337.5,0.8010131462104064
preNpostN:preNpostL,Post_ISEL_sum : Post_ISEL_sum,253.0,0.22163498654092118
preNpostN:preNpostL,Post_SF_CMU_Sum : Post_SF_CMU_Sum,263.0,0.2687603202760488
preNpostN:preNpostL,Post_LS_Sum : Post_LS_Sum,507.5,0.0918421223191034
preNpostN:preNpostL,Post_NBS_Sum : Post_NBS_Sum,397.0,0.6752483136243288
preNpostN:preNpostL,Post_BRS_sum : Post_BRS_sum,262.0,0.26273126027429794
preNpostN:preHpostN,Post_PSS_sum : Post_PSS_sum,1063.0,0.10496369012814125
preNpostN:preHpostN,Post_CSSEC_Sum : Post_CSSEC_Sum,1059.0,0.11196760838180084
preNpostN:preHpostN,Post_ISEL_sum : Post_ISEL_sum,1067.0,0.09888061509085883
preNpostN:preHpostN,Post_SF_CMU_Sum : Post_SF_CMU_Sum,934.5,0.49395780362908703
preNpostN:preHpostN,Post_LS_Sum : Post_LS_Sum,900.5,0.6621615729008654
preNpostN:preHpostN,Post_NBS_Sum : Post_NBS_Sum,1068.5,0.0966322545799086
preNpostN:preHpostN,Post_BRS_sum : Post_BRS_sum,577.5,0.05600983071404068
preNpostN:preLpostN,Post_PSS_sum : Post_PSS_sum,395.5,0.23056745473688778
preNpostN:preLpostN,Post_CSSEC_Sum : Post_CSSEC_Sum,324.0,0.7671641989407004
preNpostN:preLpostN,Post_ISEL_sum : Post_ISEL_sum,359.0,0.4603025936335249
preNpostN:preLpostN,Post_SF_CMU_Sum : Post_SF_CMU_Sum,363.0,0.430844874231027
preNpostN:preLpostN,Post_LS_Sum : Post_LS_Sum,182.5,0.14001495286850868
preNpostN:preLpostN,Post_NBS_Sum : Post_NBS_Sum,315.0,0.8547825938152452
preNpostN:preLpostN,Post_BRS_sum : Post_BRS_sum,401.0,0.20424236435398258
preNpostN:preHpostH,Post_PSS_sum : Post_PSS_sum,360.5,1.0
preNpostN:preHpostH,Post_CSSEC_Sum : Post_CSSEC_Sum,427.5,0.4427473028833482
preNpostN:preHpostH,Post_ISEL_sum : Post_ISEL_sum,529.5,0.05245405456608666
preNpostN:preHpostH,Post_SF_CMU_Sum : Post_SF_CMU_Sum,484.0,0.1569637881756777
preNpostN:preHpostH,Post_LS_Sum : Post_LS_Sum,290.5,0.4287766597928172
preNpostN:preHpostH,Post_NBS_Sum : Post_NBS_Sum,410.5,0.5660856286910301
preNpostN:preHpostH,Post_BRS_sum : Post_BRS_sum,451.5,0.29596674222029995
preNpostN:preLpostL,Post_PSS_sum : Post_PSS_sum,0.0,0.0
preNpostN:preLpostL,Post_CSSEC_Sum : Post_CSSEC_Sum,0.0,0.0
preNpostN:preLpostL,Post_ISEL_sum : Post_ISEL_sum,0.0,0.0
preNpostN:preLpostL,Post_SF_CMU_Sum : Post_SF_CMU_Sum,0.0,0.0
preNpostN:preLpostL,Post_LS_Sum : Post_LS_Sum,0.0,0.0
preNpostN:preLpostL,Post_NBS_Sum : Post_NBS_Sum,0.0,0.0
preNpostN:preLpostL,Post_BRS_sum : Post_BRS_sum,0.0,0.0
preNpostN:preLpostH,Post_PSS_sum : Post_PSS_sum,0.0,0.0
preNpostN:preLpostH,Post_CSSEC_Sum : Post_CSSEC_Sum,0.0,0.0
preNpostN:preLpostH,Post_ISEL_sum : Post_ISEL_sum,0.0,0.0
preNpostN:preLpostH,Post_SF_CMU_Sum : Post_SF_CMU_Sum,0.0,0.0
preNpostN:preLpostH,Post_LS_Sum : Post_LS_Sum,0.0,0.0
preNpostN:preLpostH,Post_NBS_Sum : Post_NBS_Sum,0.0,0.0
preNpostN:preLpostH,Post_BRS_sum : Post_BRS_sum,0.0,0.0
preNpostN:preHpostL,Post_PSS_sum : Post_PSS_sum,0.0,0.0
preNpostN:preHpostL,Post_CSSEC_Sum : Post_CSSEC_Sum,0.0,0.0
preNpostN:preHpostL,Post_ISEL_sum : Post_ISEL_sum,0.0,0.0
preNpostN:preHpostL,Post_SF_CMU_Sum : Post_SF_CMU_Sum,0.0,0.0
preNpostN:preHpostL,Post_LS_Sum : Post_LS_Sum,0.0,0.0
preNpostN:preHpostL,Post_NBS_Sum : Post_NBS_Sum,0.0,0.0
preNpostN:preHpostL,Post_BRS_sum : Post_BRS_sum,0.0,0.0
preNpostH:preNpostL,Post_PSS_sum : Post_PSS_sum,34.0,0.4420221899269482
preNpostH:preNpostL,Post_CSSEC_Sum : Post_CSSEC_Sum,33.5,0.479107370150633
preNpostH:preNpostL,Post_ISEL_sum : Post_ISEL_sum,8.5,0.03325944681030485
preNpostH:preNpostL,Post_SF_CMU_Sum : Post_SF_CMU_Sum,6.0,0.015601438656952673
preNpostH:preNpostL,Post_LS_Sum : Post_LS_Sum,41.5,0.09805579461272682
preNpostH:preNpostL,Post_NBS_Sum : Post_NBS_Sum,29.5,0.8125098936893511
preNpostH:preNpostL,Post_BRS_sum : Post_BRS_sum,13.0,0.10937068428121063
preNpostH:preHpostN,Post_PSS_sum : Post_PSS_sum,83.0,0.21563754837478588
preNpostH:preHpostN,Post_CSSEC_Sum : Post_CSSEC_Sum,97.0,0.03483238234691384
preNpostH:preHpostN,Post_ISEL_sum : Post_ISEL_sum,59.5,0.8495178430980432
preNpostH:preHpostN,Post_SF_CMU_Sum : Post_SF_CMU_Sum,34.5,0.07761313698592455
preNpostH:preHpostN,Post_LS_Sum : Post_LS_Sum,78.5,0.3421876521211513
preNpostH:preHpostN,Post_NBS_Sum : Post_NBS_Sum,72.5,0.5684483056620058
preNpostH:preHpostN,Post_BRS_sum : Post_BRS_sum,27.0,0.024648930942196518
preNpostH:preLpostN,Post_PSS_sum : Post_PSS_sum,29.5,0.38349857225458583
preNpostH:preLpostN,Post_CSSEC_Sum : Post_CSSEC_Sum,24.5,0.8413084141649276
preNpostH:preLpostN,Post_ISEL_sum : Post_ISEL_sum,20.5,0.8404390854813312
preNpostH:preLpostN,Post_SF_CMU_Sum : Post_SF_CMU_Sum,12.5,0.20477620084478065
preNpostH:preLpostN,Post_LS_Sum : Post_LS_Sum,14.5,0.31409850725211086
preNpostH:preLpostN,Post_NBS_Sum : Post_NBS_Sum,23.0,1.0
preNpostH:preLpostN,Post_BRS_sum : Post_BRS_sum,27.0,0.5925804902400147
preNpostH:preHpostH,Post_PSS_sum : Post_PSS_sum,28.5,0.9057659374905171
preNpostH:preHpostH,Post_CSSEC_Sum : Post_CSSEC_Sum,39.0,0.17532581762086596
preNpostH:preHpostH,Post_ISEL_sum : Post_ISEL_sum,35.0,0.37158485495783233
preNpostH:preHpostH,Post_SF_CMU_Sum : Post_SF_CMU_Sum,25.5,0.9061021286732354
preNpostH:preHpostH,Post_LS_Sum : Post_LS_Sum,23.0,0.6794472647117141
preNpostH:preHpostH,Post_NBS_Sum : Post_NBS_Sum,30.0,0.7678752011432772
preNpostH:preHpostH,Post_BRS_sum : Post_BRS_sum,30.0,0.7676729101141723
preNpostH:preLpostL,Post_PSS_sum : Post_PSS_sum,0.0,0.0
preNpostH:preLpostL,Post_CSSEC_Sum : Post_CSSEC_Sum,0.0,0.0
preNpostH:preLpostL,Post_ISEL_sum : Post_ISEL_sum,0.0,0.0
preNpostH:preLpostL,Post_SF_CMU_Sum : Post_SF_CMU_Sum,0.0,0.0
preNpostH:preLpostL,Post_LS_Sum : Post_LS_Sum,0.0,0.0
preNpostH:preLpostL,Post_NBS_Sum : Post_NBS_Sum,0.0,0.0
preNpostH:preLpostL,Post_BRS_sum : Post_BRS_sum,0.0,0.0
preNpostH:preLpostH,Post_PSS_sum : Post_PSS_sum,0.0,0.0
preNpostH:preLpostH,Post_CSSEC_Sum : Post_CSSEC_Sum,0.0,0.0
preNpostH:preLpostH,Post_ISEL_sum : Post_ISEL_sum,0.0,0.0
preNpostH:preLpostH,Post_SF_CMU_Sum : Post_SF_CMU_Sum,0.0,0.0
preNpostH:preLpostH,Post_LS_Sum : Post_LS_Sum,0.0,0.0
preNpostH:preLpostH,Post_NBS_Sum : Post_NBS_Sum,0.0,0.0
preNpostH:preLpostH,Post_BRS_sum : Post_BRS_sum,0.0,0.0
preNpostH:preHpostL,Post_PSS_sum : Post_PSS_sum,0.0,0.0
preNpostH:preHpostL,Post_CSSEC_Sum : Post_CSSEC_Sum,0.0,0.0
preNpostH:preHpostL,Post_ISEL_sum : Post_ISEL_sum,0.0,0.0
preNpostH:preHpostL,Post_SF_CMU_Sum : Post_SF_CMU_Sum,0.0,0.0
preNpostH:preHpostL,Post_LS_Sum : Post_LS_Sum,0.0,0.0
preNpostH:preHpostL,Post_NBS_Sum : Post_NBS_Sum,0.0,0.0
preNpostH:preHpostL,Post_BRS_sum : Post_BRS_sum,0.0,0.0
preNpostL:preHpostN,Post_PSS_sum : Post_PSS_sum,44.0,0.9010189622160537
preNpostL:preHpostN,Post_CSSEC_Sum : Post_CSSEC_Sum,62.5,0.09890353198022489
preNpostL:preHpostN,Post_ISEL_sum : Post_ISEL_sum,65.5,0.056417486398109486
preNpostL:preHpostN,Post_SF_CMU_Sum : Post_SF_CMU_Sum,58.0,0.20042374564649457
preNpostL:preHpostN,Post_LS_Sum : Post_LS_Sum,26.5,0.2146364643979225
preNpostL:preHpostN,Post_NBS_Sum : Post_NBS_Sum,49.5,0.5614872841756877
preNpostL:preHpostN,Post_BRS_sum : Post_BRS_sum,40.5,0.9337421521898818
preNpostL:preLpostN,Post_PSS_sum : Post_PSS_sum,16.5,0.854805435691019
preNpostL:preLpostN,Post_CSSEC_Sum : Post_CSSEC_Sum,18.0,0.6480768681391461
preNpostL:preLpostN,Post_ISEL_sum : Post_ISEL_sum,22.0,0.2321232628812202
preNpostL:preLpostN,Post_SF_CMU_Sum : Post_SF_CMU_Sum,22.0,0.23426713617079375
preNpostL:preLpostN,Post_LS_Sum : Post_LS_Sum,4.0,0.05523425371806383
preNpostL:preLpostN,Post_NBS_Sum : Post_NBS_Sum,14.0,0.9270990616387901
preNpostL:preLpostN,Post_BRS_sum : Post_BRS_sum,23.5,0.14230040238845926
preNpostL:preHpostH,Post_PSS_sum : Post_PSS_sum,16.5,0.8725590308923817
preNpostL:preHpostH,Post_CSSEC_Sum : Post_CSSEC_Sum,26.0,0.22976627046113807
preNpostL:preHpostH,Post_ISEL_sum : Post_ISEL_sum,31.0,0.041965813836852627
preNpostL:preHpostH,Post_SF_CMU_Sum : Post_SF_CMU_Sum,26.5,0.19860784944113763
preNpostL:preHpostH,Post_LS_Sum : Post_LS_Sum,8.5,0.14882914783929727
preNpostL:preHpostH,Post_NBS_Sum : Post_NBS_Sum,18.5,1.0
preNpostL:preHpostH,Post_BRS_sum : Post_BRS_sum,26.0,0.22649054028251026
preNpostL:preLpostL,Post_PSS_sum : Post_PSS_sum,0.0,0.0
preNpostL:preLpostL,Post_CSSEC_Sum : Post_CSSEC_Sum,0.0,0.0
preNpostL:preLpostL,Post_ISEL_sum : Post_ISEL_sum,0.0,0.0
preNpostL:preLpostL,Post_SF_CMU_Sum : Post_SF_CMU_Sum,0.0,0.0
preNpostL:preLpostL,Post_LS_Sum : Post_LS_Sum,0.0,0.0
preNpostL:preLpostL,Post_NBS_Sum : Post_NBS_Sum,0.0,0.0
preNpostL:preLpostL,Post_BRS_sum : Post_BRS_sum,0.0,0.0
preNpostL:preLpostH,Post_PSS_sum : Post_PSS_sum,0.0,0.0
preNpostL:preLpostH,Post_CSSEC_Sum : Post_CSSEC_Sum,0.0,0.0
preNpostL:preLpostH,Post_ISEL_sum : Post_ISEL_sum,0.0,0.0
preNpostL:preLpostH,Post_SF_CMU_Sum : Post_SF_CMU_Sum,0.0,0.0
preNpostL:preLpostH,Post_LS_Sum : Post_LS_Sum,0.0,0.0
preNpostL:preLpostH,Post_NBS_Sum : Post_NBS_Sum,0.0,0.0
preNpostL:preLpostH,Post_BRS_sum : Post_BRS_sum,0.0,0.0
preNpostL:preHpostL,Post_PSS_sum : Post_PSS_sum,0.0,0.0
preNpostL:preHpostL,Post_CSSEC_Sum : Post_CSSEC_Sum,0.0,0.0
preNpostL:preHpostL,Post_ISEL_sum : Post_ISEL_sum,0.0,0.0
preNpostL:preHpostL,Post_SF_CMU_Sum : Post_SF_CMU_Sum,0.0,0.0
preNpostL:preHpostL,Post_LS_Sum : Post_LS_Sum,0.0,0.0
preNpostL:preHpostL,Post_NBS_Sum : Post_NBS_Sum,0.0,0.0
preNpostL:preHpostL,Post_BRS_sum : Post_BRS_sum,0.0,0.0
preHpostN:preLpostN,Post_PSS_sum : Post_PSS_sum,36.0,0.9628000986470182
preHpostN:preLpostN,Post_CSSEC_Sum : Post_CSSEC_Sum,34.5,1.0
preHpostN:preLpostN,Post_ISEL_sum : Post_ISEL_sum,36.0,0.9628661253551818
preHpostN:preLpostN,Post_SF_CMU_Sum : Post_SF_CMU_Sum,38.0,0.816645077070768
preHpostN:preLpostN,Post_LS_Sum : Post_LS_Sum,14.0,0.056938170136652914
preHpostN:preLpostN,Post_NBS_Sum : Post_NBS_Sum,30.0,0.6756119727421562
preHpostN:preLpostN,Post_BRS_sum : Post_BRS_sum,54.5,0.07699570567545015
preHpostN:preHpostH,Post_PSS_sum : Post_PSS_sum,31.5,0.4071911016232652
preHpostN:preHpostH,Post_CSSEC_Sum : Post_CSSEC_Sum,40.0,0.9015386266571278
preHpostN:preHpostH,Post_ISEL_sum : Post_ISEL_sum,60.5,0.13497594504718707
preHpostN:preHpostH,Post_SF_CMU_Sum : Post_SF_CMU_Sum,53.5,0.36390588969358983
preHpostN:preHpostH,Post_LS_Sum : Post_LS_Sum,30.5,0.3628195058757967
preHpostN:preHpostH,Post_NBS_Sum : Post_NBS_Sum,41.0,0.9669181450378552
preHpostN:preHpostH,Post_BRS_sum : Post_BRS_sum,63.0,0.08868592784583919
preHpostN:preLpostL,Post_PSS_sum : Post_PSS_sum,0.0,0.0
preHpostN:preLpostL,Post_CSSEC_Sum : Post_CSSEC_Sum,0.0,0.0
preHpostN:preLpostL,Post_ISEL_sum : Post_ISEL_sum,0.0,0.0
preHpostN:preLpostL,Post_SF_CMU_Sum : Post_SF_CMU_Sum,0.0,0.0
preHpostN:preLpostL,Post_LS_Sum : Post_LS_Sum,0.0,0.0
preHpostN:preLpostL,Post_NBS_Sum : Post_NBS_Sum,0.0,0.0
preHpostN:preLpostL,Post_BRS_sum : Post_BRS_sum,0.0,0.0
preHpostN:preLpostH,Post_PSS_sum : Post_PSS_sum,0.0,0.0
preHpostN:preLpostH,Post_CSSEC_Sum : Post_CSSEC_Sum,0.0,0.0
preHpostN:preLpostH,Post_ISEL_sum : Post_ISEL_sum,0.0,0.0
preHpostN:preLpostH,Post_SF_CMU_Sum : Post_SF_CMU_Sum,0.0,0.0
preHpostN:preLpostH,Post_LS_Sum : Post_LS_Sum,0.0,0.0
preHpostN:preLpostH,Post_NBS_Sum : Post_NBS_Sum,0.0,0.0
preHpostN:preLpostH,Post_BRS_sum : Post_BRS_sum,0.0,0.0
preHpostN:preHpostL,Post_PSS_sum : Post_PSS_sum,0.0,0.0
preHpostN:preHpostL,Post_CSSEC_Sum : Post_CSSEC_Sum,0.0,0.0
preHpostN:preHpostL,Post_ISEL_sum : Post_ISEL_sum,0.0,0.0
preHpostN:preHpostL,Post_SF_CMU_Sum : Post_SF_CMU_Sum,0.0,0.0
preHpostN:preHpostL,Post_LS_Sum : Post_LS_Sum,0.0,0.0
preHpostN:preHpostL,Post_NBS_Sum : Post_NBS_Sum,0.0,0.0
preHpostN:preHpostL,Post_BRS_sum : Post_BRS_sum,0.0,0.0
preLpostN:preHpostH,Post_PSS_sum : Post_PSS_sum,12.0,0.6465757187356533
preLpostN:preHpostH,Post_CSSEC_Sum : Post_CSSEC_Sum,16.0,0.9272644735252321
preLpostN:preHpostH,Post_ISEL_sum : Post_ISEL_sum,18.0,0.6419545825155555
preLpostN:preHpostH,Post_SF_CMU_Sum : Post_SF_CMU_Sum,18.0,0.6480768681391461
preLpostN:preHpostH,Post_LS_Sum : Post_LS_Sum,16.0,0.9272644735252321
preLpostN:preHpostH,Post_NBS_Sum : Post_NBS_Sum,16.5,0.854805435691019
preLpostN:preHpostH,Post_BRS_sum : Post_BRS_sum,15.0,0.9269325160816494
preLpostN:preLpostL,Post_PSS_sum : Post_PSS_sum,0.0,0.0
preLpostN:preLpostL,Post_CSSEC_Sum : Post_CSSEC_Sum,0.0,0.0
preLpostN:preLpostL,Post_ISEL_sum : Post_ISEL_sum,0.0,0.0
preLpostN:preLpostL,Post_SF_CMU_Sum : Post_SF_CMU_Sum,0.0,0.0
preLpostN:preLpostL,Post_LS_Sum : Post_LS_Sum,0.0,0.0
preLpostN:preLpostL,Post_NBS_Sum : Post_NBS_Sum,0.0,0.0
preLpostN:preLpostL,Post_BRS_sum : Post_BRS_sum,0.0,0.0
preLpostN:preLpostH,Post_PSS_sum : Post_PSS_sum,0.0,0.0
preLpostN:preLpostH,Post_CSSEC_Sum : Post_CSSEC_Sum,0.0,0.0
preLpostN:preLpostH,Post_ISEL_sum : Post_ISEL_sum,0.0,0.0
preLpostN:preLpostH,Post_SF_CMU_Sum : Post_SF_CMU_Sum,0.0,0.0
preLpostN:preLpostH,Post_LS_Sum : Post_LS_Sum,0.0,0.0
preLpostN:preLpostH,Post_NBS_Sum : Post_NBS_Sum,0.0,0.0
preLpostN:preLpostH,Post_BRS_sum : Post_BRS_sum,0.0,0.0
preLpostN:preHpostL,Post_PSS_sum : Post_PSS_sum,0.0,0.0
preLpostN:preHpostL,Post_CSSEC_Sum : Post_CSSEC_Sum,0.0,0.0
preLpostN:preHpostL,Post_ISEL_sum : Post_ISEL_sum,0.0,0.0
preLpostN:preHpostL,Post_SF_CMU_Sum : Post_SF_CMU_Sum,0.0,0.0
preLpostN:preHpostL,Post_LS_Sum : Post_LS_Sum,0.0,0.0
preLpostN:preHpostL,Post_NBS_Sum : Post_NBS_Sum,0.0,0.0
preLpostN:preHpostL,Post_BRS_sum : Post_BRS_sum,0.0,0.0
preHpostH:preLpostL,Post_PSS_sum : Post_PSS_sum,0.0,0.0
preHpostH:preLpostL,Post_CSSEC_Sum : Post_CSSEC_Sum,0.0,0.0
preHpostH:preLpostL,Post_ISEL_sum : Post_ISEL_sum,0.0,0.0
preHpostH:preLpostL,Post_SF_CMU_Sum : Post_SF_CMU_Sum,0.0,0.0
preHpostH:preLpostL,Post_LS_Sum : Post_LS_Sum,0.0,0.0
preHpostH:preLpostL,Post_NBS_Sum : Post_NBS_Sum,0.0,0.0
preHpostH:preLpostL,Post_BRS_sum : Post_BRS_sum,0.0,0.0
preHpostH:preLpostH,Post_PSS_sum : Post_PSS_sum,0.0,0.0
preHpostH:preLpostH,Post_CSSEC_Sum : Post_CSSEC_Sum,0.0,0.0
preHpostH:preLpostH,Post_ISEL_sum : Post_ISEL_sum,0.0,0.0
preHpostH:preLpostH,Post_SF_CMU_Sum : Post_SF_CMU_Sum,0.0,0.0
preHpostH:preLpostH,Post_LS_Sum : Post_LS_Sum,0.0,0.0
preHpostH:preLpostH,Post_NBS_Sum : Post_NBS_Sum,0.0,0.0
preHpostH:preLpostH,Post_BRS_sum : Post_BRS_sum,0.0,0.0
preHpostH:preHpostL,Post_PSS_sum : Post_PSS_sum,0.0,0.0
preHpostH:preHpostL,Post_CSSEC_Sum : Post_CSSEC_Sum,0.0,0.0
preHpostH:preHpostL,Post_ISEL_sum : Post_ISEL_sum,0.0,0.0
preHpostH:preHpostL,Post_SF_CMU_Sum : Post_SF_CMU_Sum,0.0,0.0
preHpostH:preHpostL,Post_LS_Sum : Post_LS_Sum,0.0,0.0
preHpostH:preHpostL,Post_NBS_Sum : Post_NBS_Sum,0.0,0.0
preHpostH:preHpostL,Post_BRS_sum : Post_BRS_sum,0.0,0.0
preLpostL:preLpostH,Post_PSS_sum : Post_PSS_sum,0.0,0.0
preLpostL:preLpostH,Post_CSSEC_Sum : Post_CSSEC_Sum,0.0,0.0
preLpostL:preLpostH,Post_ISEL_sum : Post_ISEL_sum,0.0,0.0
preLpostL:preLpostH,Post_SF_CMU_Sum : Post_SF_CMU_Sum,0.0,0.0
preLpostL:preLpostH,Post_LS_Sum : Post_LS_Sum,0.0,0.0
preLpostL:preLpostH,Post_NBS_Sum : Post_NBS_Sum,0.0,0.0
preLpostL:preLpostH,Post_BRS_sum : Post_BRS_sum,0.0,0.0
preLpostL:preHpostL,Post_PSS_sum : Post_PSS_sum,0.0,0.0
preLpostL:preHpostL,Post_CSSEC_Sum : Post_CSSEC_Sum,0.0,0.0
preLpostL:preHpostL,Post_ISEL_sum : Post_ISEL_sum,0.0,0.0
preLpostL:preHpostL,Post_SF_CMU_Sum : Post_SF_CMU_Sum,0.0,0.0
preLpostL:preHpostL,Post_LS_Sum : Post_LS_Sum,0.0,0.0
preLpostL:preHpostL,Post_NBS_Sum : Post_NBS_Sum,0.0,0.0
preLpostL:preHpostL,Post_BRS_sum : Post_BRS_sum,0.0,0.0
preLpostH:preHpostL,Post_PSS_sum : Post_PSS_sum,0.0,0.0
preLpostH:preHpostL,Post_CSSEC_Sum : Post_CSSEC_Sum,0.0,0.0
preLpostH:preHpostL,Post_ISEL_sum : Post_ISEL_sum,0.0,0.0
preLpostH:preHpostL,Post_SF_CMU_Sum : Post_SF_CMU_Sum,0.0,0.0
preLpostH:preHpostL,Post_LS_Sum : Post_LS_Sum,0.0,0.0
preLpostH:preHpostL,Post_NBS_Sum : Post_NBS_Sum,0.0,0.0
preLpostH:preHpostL,Post_BRS_sum : Post_BRS_sum,0.0,0.0
